Strategy,Student,Step,AvgMastery
linucb,student_0,1,0.06904512333776835
linucb,student_0,2,0.06964036695978017
linucb,student_0,3,0.0697241278002468
linucb,student_0,4,0.06973600984264187
linucb,student_0,5,0.06973769731430467
linucb,student_0,6,0.06973793700555994
linucb,student_0,7,0.08561820316366288
linucb,student_0,8,0.07252102204074719
linucb,student_0,9,0.07014687379202118
linucb,student_0,10,0.06979634342885548
linucb,student_0,11,0.06974627319729136
linucb,student_0,12,0.06973915528729689
linucb,student_0,13,0.0697381441062184
linucb,student_0,14,0.09689151146958673
linucb,student_0,15,0.07544357590262626
linucb,student_0,16,0.07060763593517776
linucb,student_0,17,0.06986280310806964
linucb,student_0,18,0.06975573416285914
linucb,student_0,19,0.06974049959232916
linucb,student_0,20,0.08562163938861574
linucb,student_0,21,0.07252176506570074
linucb,student_0,22,0.10018393258100901
linucb,student_0,23,0.12585980795818522
linucb,student_0,24,0.13761307909518708
linucb,student_0,25,0.14715583872260748
linucb,student_0,26,0.14833584443614198
linucb,student_0,27,0.14850038333901366
linucb,student_0,28,0.14852369444564664
linucb,student_0,29,0.16680278533986306
linucb,student_0,30,0.15184737620768402
linucb,student_0,31,0.14901856820574247
linucb,student_0,32,0.14859771003293915
linucb,student_0,33,0.17395668985573445
linucb,student_0,34,0.2043812280064805
linucb,student_0,35,0.21674034005869036
linucb,student_0,36,0.22097752094971815
linucb,student_0,37,0.22255974339346896
linucb,student_0,38,0.22312398689022905
linucb,student_0,39,0.22334324396010544
linucb,student_0,40,0.22342268120355757
linucb,student_1,1,0.14513636420086662
linucb,student_1,2,0.14538960361836936
linucb,student_1,3,0.145425431107042
linucb,student_1,4,0.14543051734492615
linucb,student_1,5,0.14543123976353955
linucb,student_1,6,0.17073961918674674
linucb,student_1,7,0.19827002629480006
linucb,student_1,8,0.21280053123241968
linucb,student_1,9,0.21857742689276985
linucb,student_1,10,0.21932980599809135
linucb,student_1,11,0.2194354181372041
linucb,student_1,12,0.21945039474567404
linucb,student_1,13,0.2194525215989351
linucb,student_1,14,0.21945282369856833
linucb,student_1,15,0.2194528666102422
linucb,student_1,16,0.2194528727056462
linucb,student_1,17,0.21945287357147059
linucb,student_1,18,0.21945287369445698
linucb,student_1,19,0.2357127444695886
linucb,student_1,20,0.25565616234799843
linucb,student_1,21,0.27801810895472645
linucb,student_1,22,0.2883780522403743
linucb,student_1,23,0.29044441657591397
linucb,student_1,24,0.3127587133486732
linucb,student_1,25,0.3327677156134876
linucb,student_1,26,0.31588317735029686
linucb,student_1,27,0.3125349122422547
linucb,student_1,28,0.33197321058389995
linucb,student_1,29,0.31568588053077284
linucb,student_1,30,0.31250413405955463
linucb,student_1,31,0.33060320185599384
linucb,student_1,32,0.3153569729130047
linucb,student_1,33,0.31245316048014266
linucb,student_1,34,0.3120205960037638
linucb,student_1,35,0.31195872669775676
linucb,student_1,36,0.3311156308798244
linucb,student_1,37,0.3154783632674058
linucb,student_1,38,0.3124719247341781
linucb,student_1,39,0.33378215359749513
linucb,student_1,40,0.3638680872690532
linucb,student_2,1,0.09358931605441555
linucb,student_2,2,0.11525965169670349
linucb,student_2,3,0.13975026355687895
linucb,student_2,4,0.10859026073867091
linucb,student_2,5,0.1363333785956267
linucb,student_2,6,0.1065209433533275
linucb,student_2,7,0.09678188567755706
linucb,student_2,8,0.09513707527494103
linucb,student_2,9,0.09489714498079803
linucb,student_2,10,0.09486293352936433
linucb,student_2,11,0.0948580713059906
linucb,student_2,12,0.09485738059592036
linucb,student_2,13,0.09485728248261814
linucb,student_2,14,0.0948572685460478
linucb,student_2,15,0.09485726656642089
linucb,student_2,16,0.09485726628522388
linucb,student_2,17,0.09485726624528112
linucb,student_2,18,0.09485726623960744
linucb,student_2,19,0.09485726623880152
linucb,student_2,20,0.09485726623868705
linucb,student_2,21,0.09485726623867079
linucb,student_2,22,0.09485726623866847
linucb,student_2,23,0.12076479739272328
linucb,student_2,24,0.14955452461743482
linucb,student_2,25,0.16183150412182853
linucb,student_2,26,0.16690923542491942
linucb,student_2,27,0.1675772092762947
linucb,student_2,28,0.1676710973556671
linucb,student_2,29,0.19181534953780574
linucb,student_2,30,0.17249967088346432
linucb,student_2,31,0.1684119447917222
linucb,student_2,32,0.16779054692814746
linucb,student_2,33,0.16770139906711537
linucb,student_2,34,0.1948659906154273
linucb,student_2,35,0.22177636579241455
linucb,student_2,36,0.18935318668849363
linucb,student_2,37,0.17183729520424282
linucb,student_2,38,0.19767613065354953
linucb,student_2,39,0.22612738368284513
linucb,student_2,40,0.23657999861132625
linucb,student_3,1,0.09030341343217883
linucb,student_3,2,0.07145018554949742
linucb,student_3,3,0.06751148364634953
linucb,student_3,4,0.09720075119991362
linucb,student_3,5,0.12290078177999399
linucb,student_3,6,0.09089877952096527
linucb,student_3,7,0.07161506835126004
linucb,student_3,8,0.06753778221203872
linucb,student_3,9,0.06691808368249375
linucb,student_3,10,0.06682918204419214
linucb,student_3,11,0.0668165361108176
linucb,student_3,12,0.06681473945258996
linucb,student_3,13,0.06681448423817256
linucb,student_3,14,0.06681444798597769
linucb,student_3,15,0.06681444283651522
linucb,student_3,16,0.06681444210505742
linucb,student_3,17,0.06681444200115717
linucb,student_3,18,0.07991449984117792
linucb,student_3,19,0.06901998925585852
linucb,student_3,20,0.0671361973230421
linucb,student_3,21,0.06686032200654518
linucb,student_3,22,0.06682096260221417
linucb,student_3,23,0.08347077270195959
linucb,student_3,24,0.0697672375589113
linucb,student_3,25,0.06724919032266245
linucb,student_3,26,0.06687651801872195
linucb,student_3,27,0.06682326613840434
linucb,student_3,28,0.06681569554697026
linucb,student_3,29,0.08934473867185116
linucb,student_3,30,0.12081126894274867
linucb,student_3,31,0.134514416504799
linucb,student_3,32,0.13632292476471192
linucb,student_3,33,0.13657267033696305
linucb,student_3,34,0.16185130281848023
linucb,student_3,35,0.19087842896276053
linucb,student_3,36,0.2043890851952019
linucb,student_3,37,0.2138507255371451
linucb,student_3,38,0.22214697276270903
linucb,student_3,39,0.22331821591645248
linucb,student_3,40,0.23841859534288937
linucb,student_4,1,0.1317011804339198
linucb,student_4,2,0.13264682266397262
linucb,student_4,3,0.13277916341917337
linucb,student_4,4,0.13279792240371452
linucb,student_4,5,0.1455790322171525
linucb,student_4,6,0.16812863259775288
linucb,student_4,7,0.19201767918920354
linucb,student_4,8,0.20189125498487548
linucb,student_4,9,0.23380531382636752
linucb,student_4,10,0.24771892744775856
linucb,student_4,11,0.25719058157317076
linucb,student_4,12,0.25836290743357143
linucb,student_4,13,0.2585263949380052
linucb,student_4,14,0.2585495574728922
linucb,student_4,15,0.2585528463958085
linucb,student_4,16,0.2585533135479566
linucb,student_4,17,0.25855337990430344
linucb,student_4,18,0.258553389329911
linucb,student_4,19,0.25855339066877553
linucb,student_4,20,0.25855339085895507
linucb,student_4,21,0.25855339088596924
linucb,student_4,22,0.27726495346986985
linucb,student_4,23,0.3015541504640589
linucb,student_4,24,0.28626445691347474
linucb,student_4,25,0.29878357329911015
linucb,student_4,26,0.28563878241562307
linucb,student_4,27,0.2832534836029936
linucb,student_4,28,0.2829012413158294
linucb,student_4,29,0.3054666684949374
linucb,student_4,30,0.28724452205225465
linucb,student_4,31,0.2835025245282479
linucb,student_4,32,0.2829370728830809
linucb,student_4,33,0.282856024196984
linucb,student_4,34,0.28284449675775636
linucb,student_4,35,0.28284285903755757
linucb,student_4,36,0.2828426264007962
linucb,student_4,37,0.2965978594309639
linucb,student_4,38,0.28518010812650324
linucb,student_4,39,0.30688694378278497
linucb,student_4,40,0.28763203869894755
linucb,student_5,1,0.14665633018304322
linucb,student_5,2,0.15440353956380928
linucb,student_5,3,0.15538510431860011
linucb,student_5,4,0.15552239551878966
linucb,student_5,5,0.1555418546911734
linucb,student_5,6,0.1555446179241788
linucb,student_5,7,0.1555450104116418
linucb,student_5,8,0.15554506616235433
linucb,student_5,9,0.1756070629435058
linucb,student_5,10,0.15929162308913739
linucb,student_5,11,0.18679465227783942
linucb,student_5,12,0.16262306527297643
linucb,student_5,13,0.1859678376372099
linucb,student_5,14,0.2063552149602952
linucb,student_5,15,0.22231338604707662
linucb,student_5,16,0.2327334777850687
linucb,student_5,17,0.23261967495102412
linucb,student_5,18,0.23260348049653656
linucb,student_5,19,0.252666932063447
linucb,student_5,20,0.2448512342796213
linucb,student_5,21,0.24357990255578
linucb,student_5,22,0.24339558267268338
linucb,student_5,23,0.24336932396582575
linucb,student_5,24,0.24336559247952463
linucb,student_5,25,0.24336506240744124
linucb,student_5,26,0.2433649871124773
linucb,student_5,27,0.24336497641715713
linucb,student_5,28,0.24336497489793527
linucb,student_5,29,0.2433649746821367
linucb,student_5,30,0.24336497465148346
linucb,student_5,31,0.24336497464712933
linucb,student_5,32,0.24336497464651083
linucb,student_5,33,0.24336497464642295
linucb,student_5,34,0.2433649746464105
linucb,student_5,35,0.25407314699443223
linucb,student_5,36,0.24510883080897908
linucb,student_5,37,0.26237523186919115
linucb,student_5,38,0.2468574923538822
linucb,student_5,39,0.2438826432420582
linucb,student_5,40,0.24343896413026564
linucb,student_6,1,0.10356729834969637
linucb,student_6,2,0.10430406899425076
linucb,student_6,3,0.10440751541699332
linucb,student_6,4,0.10442218541385552
linucb,student_6,5,0.1044242687348308
linucb,student_6,6,0.10442456465131418
linucb,student_6,7,0.10442460668470803
linucb,student_6,8,0.10442461265535657
linucb,student_6,9,0.10442461350345998
linucb,student_6,10,0.10442461362392923
linucb,student_6,11,0.10442461364104132
linucb,student_6,12,0.10442461364347201
linucb,student_6,13,0.10442461364381728
linucb,student_6,14,0.10442461364386633
linucb,student_6,15,0.1044246136438733
linucb,student_6,16,0.10442461364387429
linucb,student_6,17,0.10442461364387441
linucb,student_6,18,0.10442461364387445
linucb,student_6,19,0.10442461364387445
linucb,student_6,20,0.10442461364387445
linucb,student_6,21,0.11541333999264225
linucb,student_6,22,0.10622105333391167
linucb,student_6,23,0.10468537919141806
linucb,student_6,24,0.10446176981257221
linucb,student_6,25,0.10442989384967616
linucb,student_6,26,0.1044253637203643
linucb,student_6,27,0.10442472018978395
linucb,student_6,28,0.10442462877825583
linucb,student_6,29,0.10442461579364493
linucb,student_6,30,0.10442461394923958
linucb,student_6,31,0.10442461368725019
linucb,student_6,32,0.10442461365003579
linucb,student_6,33,0.13357519280559257
linucb,student_6,34,0.15796574516655598
linucb,student_6,35,0.17199545878147596
linucb,student_6,36,0.18938594915130438
linucb,student_6,37,0.17590394518975913
linucb,student_6,38,0.17343895067876156
linucb,student_6,39,0.19570768883048476
linucb,student_6,40,0.1774343221382165
linucb,student_7,1,0.06763046485126363
linucb,student_7,2,0.06831624952421309
linucb,student_7,3,0.06841261413885036
linucb,student_7,4,0.06842628138077668
linucb,student_7,5,0.0684282223290535
linucb,student_7,6,0.06842849802343477
linucb,student_7,7,0.068428537184397
linucb,student_7,8,0.09558177086390936
linucb,student_7,9,0.07413404727543786
linucb,student_7,10,0.06929818727683469
linucb,student_7,11,0.06855336781869606
linucb,student_7,12,0.06844630081834845
linucb,student_7,13,0.06843106652501972
linucb,student_7,14,0.06842890203915639
linucb,student_7,15,0.06842859457320795
linucb,student_7,16,0.06842855089885427
linucb,student_7,17,0.06842854469510655
linucb,student_7,18,0.0684285438138923
linucb,student_7,19,0.06842854368871983
linucb,student_7,20,0.06842854367093963
linucb,student_7,21,0.06842854366841404
linucb,student_7,22,0.0684285436680553
linucb,student_7,23,0.06842854366800434
linucb,student_7,24,0.0684285436679971
linucb,student_7,25,0.06842854366799607
linucb,student_7,26,0.06842854366799592
linucb,student_7,27,0.0684285436679959
linucb,student_7,28,0.0684285436679959
linucb,student_7,29,0.0684285436679959
linucb,student_7,30,0.0684285436679959
linucb,student_7,31,0.0684285436679959
linucb,student_7,32,0.0684285436679959
linucb,student_7,33,0.0684285436679959
linucb,student_7,34,0.0684285436679959
linucb,student_7,35,0.0684285436679959
linucb,student_7,36,0.0684285436679959
linucb,student_7,37,0.0684285436679959
linucb,student_7,38,0.0684285436679959
linucb,student_7,39,0.0684285436679959
linucb,student_7,40,0.0684285436679959
linucb,student_8,1,0.11683099735102032
linucb,student_8,2,0.10254036927697702
linucb,student_8,3,0.12160564199591355
linucb,student_8,4,0.10370468391644878
linucb,student_8,5,0.10006000383999906
linucb,student_8,6,0.09951017900106583
linucb,student_8,7,0.09943138995834457
linucb,student_8,8,0.09942018430780752
linucb,student_8,9,0.0994185923127384
linucb,student_8,10,0.11727809724897459
linucb,student_8,11,0.10264224201043641
linucb,student_8,12,0.09989459142496143
linucb,student_8,13,0.09948636631732322
linucb,student_8,14,0.09942800101260267
linucb,student_8,15,0.1160790117624959
linucb,student_8,16,0.14604609018032147
linucb,student_8,17,0.16485380827156218
linucb,student_8,18,0.16804273684796467
linucb,student_8,19,0.19297808641586175
linucb,student_8,20,0.17344369283852604
linucb,student_8,21,0.16928397171706597
linucb,student_8,22,0.1686508380872952
linucb,student_8,23,0.16855998941996772
linucb,student_8,24,0.19058094190248456
linucb,student_8,25,0.22061124229915852
linucb,student_8,26,0.23515910950726374
linucb,student_8,27,0.24503764222916877
linucb,student_8,28,0.24625372079225857
linucb,student_8,29,0.24642319485259165
linucb,student_8,30,0.24644720327385164
linucb,student_8,31,0.24645061226111997
linucb,student_8,32,0.24645109646604943
linucb,student_8,33,0.24645116524462976
linucb,student_8,34,0.2464511750143038
linucb,student_8,35,0.27060613286449364
linucb,student_8,36,0.2702987860829765
linucb,student_8,37,0.27025491455787104
linucb,student_8,38,0.2702486784613913
linucb,student_8,39,0.2702477925644861
linucb,student_8,40,0.2702476667250869
linucb,student_9,1,0.06515301957931315
linucb,student_9,2,0.09087787414985832
linucb,student_9,3,0.11808131098749834
linucb,student_9,4,0.132123564797521
linucb,student_9,5,0.14135522498725303
linucb,student_9,6,0.14250152358182097
linucb,student_9,7,0.14266144600456873
linucb,student_9,8,0.14268410472559565
linucb,student_9,9,0.14268732213609295
linucb,student_9,10,0.16684191394554768
linucb,student_9,11,0.19623345657494606
linucb,student_9,12,0.1637508102051451
linucb,student_9,13,0.1466840808107373
linucb,student_9,14,0.1432839223722027
linucb,student_9,15,0.1427731299741056
linucb,student_9,16,0.14269998008148574
linucb,student_9,17,0.16801720415445384
linucb,student_9,18,0.14784412999501811
linucb,student_9,19,0.16380027909392098
linucb,student_9,20,0.19407649657817072
linucb,student_9,21,0.2085087740205661
linucb,student_9,22,0.21191221915368874
linucb,student_9,23,0.2148589324415946
linucb,student_9,24,0.215317757011768
linucb,student_9,25,0.21571772542622036
linucb,student_9,26,0.2275707409943395
linucb,student_9,27,0.2276271963790196
linucb,student_9,28,0.22763520842659354
linucb,student_9,29,0.22763634635673025
linucb,student_9,30,0.25294467605746923
linucb,student_9,31,0.24311355824858952
linucb,student_9,32,0.24145012940969598
linucb,student_9,33,0.2412074089269474
linucb,student_9,34,0.2411727980835505
linucb,student_9,35,0.26648540676006555
linucb,student_9,36,0.24632735565091923
linucb,student_9,37,0.24195670912432224
linucb,student_9,38,0.2412890212340781
linucb,student_9,39,0.2411931610513122
linucb,student_9,40,0.24117952378042273
linucb,student_10,1,0.0774916780206643
linucb,student_10,2,0.0778502778220264
linucb,student_10,3,0.07790092705511688
linucb,student_10,4,0.0923346880979606
linucb,student_10,5,0.08038437774772705
linucb,student_10,6,0.078271577166579
linucb,student_10,7,0.0779609882108238
linucb,student_10,8,0.07791665159124951
linucb,student_10,9,0.07791034933754733
linucb,student_10,10,0.07790945404143768
linucb,student_10,11,0.07790932686688644
linucb,student_10,12,0.07790930880228301
linucb,student_10,13,0.07790930623628746
linucb,student_10,14,0.07790930587179945
linucb,student_10,15,0.07790930582002559
linucb,student_10,16,0.10321777169884085
linucb,student_10,17,0.12779502439771237
linucb,student_10,18,0.14317930108579685
linucb,student_10,19,0.1419509848253709
linucb,student_10,20,0.1417730262341094
linucb,student_10,21,0.16093958625547627
linucb,student_10,22,0.1818280607619904
linucb,student_10,23,0.20479687467898544
linucb,student_10,24,0.21221115427089776
linucb,student_10,25,0.21315485986110635
linucb,student_10,26,0.21328693357292516
linucb,student_10,27,0.2404233767789851
linucb,student_10,28,0.23886416939094268
linucb,student_10,29,0.23863704566737112
linucb,student_10,30,0.23860466691198667
linucb,student_10,31,0.23860006529033687
linucb,student_10,32,0.2385994116031218
linucb,student_10,33,0.23859931874886017
linucb,student_10,34,0.23859930555931494
linucb,student_10,35,0.2385993036857996
linucb,student_10,36,0.23859930341967525
linucb,student_10,37,0.2385993033818735
linucb,student_10,38,0.23859930337650392
linucb,student_10,39,0.2385993033757412
linucb,student_10,40,0.23859930337563284
linucb,student_11,1,0.08498139333438769
linucb,student_11,2,0.0861401569710444
linucb,student_11,3,0.10961183080924704
linucb,student_11,4,0.13773407590365785
linucb,student_11,5,0.1527265217497172
linucb,student_11,6,0.15835553385445905
linucb,student_11,7,0.15909019900239182
linucb,student_11,8,0.1591933532009128
linucb,student_11,9,0.15920798182447735
linucb,student_11,10,0.15921005927129742
linucb,student_11,11,0.15921035435343892
linucb,student_11,12,0.15921039626831937
linucb,student_11,13,0.15921040222213367
linucb,student_11,14,0.15921040306784587
linucb,student_11,15,0.1845188688392614
linucb,student_11,16,0.16436058795493763
linucb,student_11,17,0.15998986212412566
linucb,student_11,18,0.15932216119365622
linucb,student_11,19,0.18299623384401997
linucb,student_11,20,0.21097967894268135
linucb,student_11,21,0.22572780568542986
linucb,student_11,22,0.2354952994595555
linucb,student_11,23,0.23867844939196955
linucb,student_11,24,0.2398826338607523
linucb,student_11,25,0.24031316986174311
linucb,student_11,26,0.24048101728915006
linucb,student_11,27,0.24054175802858005
linucb,student_11,28,0.24056553662626026
linucb,student_11,29,0.2405741562577461
linucb,student_11,30,0.24057753262438097
linucb,student_11,31,0.24057875683625787
linucb,student_11,32,0.2405792364080739
linucb,student_11,33,0.24057941029842533
linucb,student_11,34,0.25762226782397596
linucb,student_11,35,0.2576222925242417
linucb,student_11,36,0.2867728683710014
linucb,student_11,37,0.27276888169221114
linucb,student_11,38,0.3018699998118256
linucb,student_11,39,0.330711771499924
linucb,student_11,40,0.35608848166036156
linucb,student_12,1,0.11485446572661294
linucb,student_12,2,0.08663296065888992
linucb,student_12,3,0.07827556207011234
linucb,student_12,4,0.07690193186255569
linucb,student_12,5,0.07670244765774187
linucb,student_12,6,0.0766740217281511
linucb,student_12,7,0.1019858899412755
linucb,student_12,8,0.08182186298106504
linucb,student_12,9,0.0774491535675839
linucb,student_12,10,0.09564175643463636
linucb,student_12,11,0.1197567990377917
linucb,student_12,12,0.0892655948892098
linucb,student_12,13,0.07877504149481679
linucb,student_12,14,0.07697613125292466
linucb,student_12,15,0.09373898014131064
linucb,student_12,16,0.07971412531591617
linucb,student_12,17,0.10019831103714821
linucb,student_12,18,0.13132654110320222
linucb,student_12,19,0.14410164116044907
linucb,student_12,20,0.14799791604934015
linucb,student_12,21,0.17285275376261286
linucb,student_12,22,0.1896346040878023
linucb,student_12,23,0.2120276752392818
linucb,student_12,24,0.22791998754130507
linucb,student_12,25,0.24213926977838365
linucb,student_12,26,0.27323012030190164
linucb,student_12,27,0.29543078401059963
linucb,student_12,28,0.322991000187723
linucb,student_12,29,0.3450321321026439
linucb,student_12,30,0.352988240012073
linucb,student_12,31,0.360048332495273
linucb,student_12,32,0.361053478106302
linucb,student_12,33,0.36195652782639964
linucb,student_12,34,0.36258585711704555
linucb,student_12,35,0.36272639496676423
linucb,student_12,36,0.3628528589227238
linucb,student_12,37,0.3629413688557781
linucb,student_12,38,0.36296128717264464
linucb,student_12,39,0.3821025693978067
linucb,student_12,40,0.3821151241857845
linucb,student_13,1,0.10160118823060611
linucb,student_13,2,0.10072816328646073
linucb,student_13,3,0.11995296140909452
linucb,student_13,4,0.1523305015640569
linucb,student_13,5,0.16763142115828955
linucb,student_13,6,0.17621793214773995
linucb,student_13,7,0.17729343938569
linucb,student_13,8,0.19387357569006283
linucb,student_13,9,0.22685623056690327
linucb,student_13,10,0.24379827627023778
linucb,student_13,11,0.2534319664830902
linucb,student_13,12,0.2695223018154957
linucb,student_13,13,0.29438371311769207
linucb,student_13,14,0.32260171815031313
linucb,student_13,15,0.344943265643959
linucb,student_13,16,0.35184947039131687
linucb,student_13,17,0.3567783449641299
linucb,student_13,18,0.3576636069857682
linucb,student_13,19,0.35831339275422164
linucb,student_13,20,0.35843740010478314
linucb,student_13,21,0.3762495781687258
linucb,student_13,22,0.40338704633162425
linucb,student_13,23,0.42792981727541196
linucb,student_13,24,0.453802938031798
linucb,student_13,25,0.4839765323507716
linucb,student_13,26,0.5137148476222191
linucb,student_13,27,0.5345107202036709
linucb,student_13,28,0.5465962376539025
linucb,student_13,29,0.5562326902110049
linucb,student_13,30,0.560750613331937
linucb,student_13,31,0.5643126911629585
linucb,student_13,32,0.5655027944493833
linucb,student_13,33,0.5886336801889019
linucb,student_13,34,0.5892328490484318
linucb,student_13,35,0.6004696301640503
linucb,student_13,36,0.6006355510794598
linucb,student_13,37,0.6168598082895279
linucb,student_13,38,0.616883314679036
linucb,student_13,39,0.6168866524087572
linucb,student_13,40,0.6168871264929605
linucb,student_14,1,0.12040505687995001
linucb,student_14,2,0.10977145503658729
linucb,student_14,3,0.10794265412547854
linucb,student_14,4,0.10767507518745591
linucb,student_14,5,0.10763690449389501
linucb,student_14,6,0.13479500255595006
linucb,student_14,7,0.1584011418235969
linucb,student_14,8,0.17438688626484847
linucb,student_14,9,0.20664741507439788
linucb,student_14,10,0.22573785023726478
linucb,student_14,11,0.23734774123703598
linucb,student_14,12,0.2505684128850479
linucb,student_14,13,0.28077266635585496
linucb,student_14,14,0.2770575269852303
linucb,student_14,15,0.2979461489344151
linucb,student_14,16,0.3249100331841435
linucb,student_14,17,0.3525636077078847
linucb,student_14,18,0.37010715924964915
linucb,student_14,19,0.38062291367463374
linucb,student_14,20,0.400481520947146
linucb,student_14,21,0.4052283414464999
linucb,student_14,22,0.40585577731338957
linucb,student_14,23,0.4059440235722436
linucb,student_14,24,0.4059565410113935
linucb,student_14,25,0.42381501472522437
linucb,student_14,26,0.4532594649261908
linucb,student_14,27,0.47232202541708546
linucb,student_14,28,0.5018651042968402
linucb,student_14,29,0.5244391757463729
linucb,student_14,30,0.5507174351154968
linucb,student_14,31,0.5764176835364366
linucb,student_14,32,0.5991768439002922
linucb,student_14,33,0.6204034790854888
linucb,student_14,34,0.6295733245290025
linucb,student_14,35,0.63071289260851
linucb,student_14,36,0.6308718926522158
linucb,student_14,37,0.6544536518927302
linucb,student_14,38,0.6355521566774868
linucb,student_14,39,0.6315980987978271
linucb,student_14,40,0.654556139604335
linucb,student_15,1,0.0810869007509218
linucb,student_15,2,0.08093950604622904
linucb,student_15,3,0.09538182465319768
linucb,student_15,4,0.08339870123674664
linucb,student_15,5,0.10517031709169915
linucb,student_15,6,0.08576361934715825
linucb,student_15,7,0.11777107890462657
linucb,student_15,8,0.14263375804362988
linucb,student_15,9,0.1512512912403609
linucb,student_15,10,0.15233023038124258
linucb,student_15,11,0.15248091289718504
linucb,student_15,12,0.15250226557896654
linucb,student_15,13,0.15250529760212816
linucb,student_15,14,0.17781340064866166
linucb,student_15,15,0.20681609589359565
linucb,student_15,16,0.21934918524442645
linucb,student_15,17,0.22909861962462216
linucb,student_15,18,0.23639647317434231
linucb,student_15,19,0.2375987199191797
linucb,student_15,20,0.26042968518410187
linucb,student_15,21,0.2605972675522669
linucb,student_15,22,0.2606210086991578
linucb,student_15,23,0.2606243797500906
linucb,student_15,24,0.2606248585669163
linucb,student_15,25,0.28213196544514557
linucb,student_15,26,0.3075158481623101
linucb,student_15,27,0.289938978990472
linucb,student_15,28,0.28639067368103327
linucb,student_15,29,0.2858562723640156
linucb,student_15,30,0.2857797124560691
linucb,student_15,31,0.28576882422691713
linucb,student_15,32,0.2857672773359397
linucb,student_15,33,0.3116749976904722
linucb,student_15,34,0.3375588692726978
linucb,student_15,35,0.35478543961547104
linucb,student_15,36,0.36358679007526157
linucb,student_15,37,0.36834382077502387
linucb,student_15,38,0.38892746174906206
linucb,student_15,39,0.39002667794148477
linucb,student_15,40,0.390655370356863
linucb,student_16,1,0.1004244291290723
linucb,student_16,2,0.11615912036763776
linucb,student_16,3,0.14101612029502822
linucb,student_16,4,0.16450711024344836
linucb,student_16,5,0.1635271863305283
linucb,student_16,6,0.163385786809165
linucb,student_16,7,0.1633656564260378
linucb,student_16,8,0.16336279608204793
linucb,student_16,9,0.16336238976472656
linucb,student_16,10,0.1633623320488255
linucb,student_16,11,0.1633623238505366
linucb,student_16,12,0.19051556355772958
linucb,student_16,13,0.21602161907923026
linucb,student_16,14,0.23067948159661253
linucb,student_16,15,0.23422148697680156
linucb,student_16,16,0.2346980103294869
linucb,student_16,17,0.23476519040618604
linucb,student_16,18,0.23478241974895706
linucb,student_16,19,0.2347919522038877
linucb,student_16,20,0.23479439888420717
linucb,student_16,21,0.2347957527211321
linucb,student_16,22,0.23479610024744538
linucb,student_16,23,0.23479629254969178
linucb,student_16,24,0.23479634191395246
linucb,student_16,25,0.23479636922952904
linucb,student_16,26,0.23479637624149238
linucb,student_16,27,0.23479638012154416
linucb,student_16,28,0.2347963811175616
linucb,student_16,29,0.2539481471755342
linucb,student_16,30,0.25394814731701393
linucb,student_16,31,0.2539481473371105
linucb,student_16,32,0.2539481473399651
linucb,student_16,33,0.2539481473403706
linucb,student_16,34,0.2539481473404282
linucb,student_16,35,0.25394814734043636
linucb,student_16,36,0.2539481473404375
linucb,student_16,37,0.2759598091480176
linucb,student_16,38,0.30223463696002695
linucb,student_16,39,0.3291021964920263
linucb,student_16,40,0.29776501145500006
linucb,student_17,1,0.100812980235906
linucb,student_17,2,0.09895223478394616
linucb,student_17,3,0.0986798382838534
linucb,student_17,4,0.09864097736508876
linucb,student_17,5,0.09863545393875363
linucb,student_17,6,0.12394458081062067
linucb,student_17,7,0.10378518353741913
linucb,student_17,8,0.12497980611540237
linucb,student_17,9,0.1550386876752073
linucb,student_17,10,0.1669953596627968
linucb,student_17,11,0.17536484381019715
linucb,student_17,12,0.17641626216782091
linucb,student_17,13,0.17656316401699526
linucb,student_17,14,0.17658398220021942
linucb,student_17,15,0.19759629077618845
linucb,student_17,16,0.22627579662589448
linucb,student_17,17,0.23976119750146666
linucb,student_17,18,0.24957338505637097
linucb,student_17,19,0.25698589035688807
linucb,student_17,20,0.25819486641386163
linucb,student_17,21,0.25913836931935075
linucb,student_17,22,0.27458320840078315
linucb,student_17,23,0.2747152541634643
linucb,student_17,24,0.2747339714209825
linucb,student_17,25,0.2925919920916277
linucb,student_17,26,0.2799911915014983
linucb,student_17,27,0.2988947523742169
linucb,student_17,28,0.32813580941273957
linucb,student_17,29,0.35562885852822657
linucb,student_17,30,0.32380425722482237
linucb,student_17,31,0.3515305241199567
linucb,student_17,32,0.37269600093195376
linucb,student_17,33,0.3767416262837398
linucb,student_17,34,0.3774106587521177
linucb,student_17,35,0.3779509083453669
linucb,student_17,36,0.37804494366047553
linucb,student_17,37,0.3967136538379222
linucb,student_17,38,0.39672699121141125
linucb,student_17,39,0.4258757865377516
linucb,student_17,40,0.42551636556907546
linucb,student_18,1,0.13161207382926388
linucb,student_18,2,0.11203986404020667
linucb,student_18,3,0.10786759332770342
linucb,student_18,4,0.13085017040326338
linucb,student_18,5,0.15681569889560357
linucb,student_18,6,0.17030047818078964
linucb,student_18,7,0.17962200938701464
linucb,student_18,8,0.1807780737488576
linucb,student_18,9,0.18093933417309005
linucb,student_18,10,0.18096218198584316
linucb,student_18,11,0.18096542623655934
linucb,student_18,12,0.18096588704388286
linucb,student_18,13,0.18096595249898953
linucb,student_18,14,0.18096596179658028
linucb,student_18,15,0.18096596311726057
linucb,student_18,16,0.18096596330485717
linucb,student_18,17,0.18096596333150441
linucb,student_18,18,0.18096596333528955
linucb,student_18,19,0.18096596333582723
linucb,student_18,20,0.19059925098764374
linucb,student_18,21,0.18251203795218462
linucb,student_18,22,0.19971274275148462
linucb,student_18,23,0.1843961282867228
linucb,student_18,24,0.1814739954677125
linucb,student_18,25,0.1810385670966316
linucb,student_18,26,0.20309488412541385
linucb,student_18,27,0.2346908989661065
linucb,student_18,28,0.2485890518080712
linucb,student_18,29,0.25590299934657407
linucb,student_18,30,0.27783897581456435
linucb,student_18,31,0.2787712046197068
linucb,student_18,32,0.2789016954668166
linucb,student_18,33,0.2789201927733385
linucb,student_18,34,0.30422644541494875
linucb,student_18,35,0.3298823076159576
linucb,student_18,36,0.35741430173983674
linucb,student_18,37,0.37704540203245634
linucb,student_18,38,0.38277373173549917
linucb,student_18,39,0.3884147454088527
linucb,student_18,40,0.3891613152699925
linucb,student_19,1,0.09596233157379896
linucb,student_19,2,0.09605924249517454
linucb,student_19,3,0.09607298709990257
linucb,student_19,4,0.09607493903243114
linucb,student_19,5,0.09607521628697897
linucb,student_19,6,0.11660790534237858
linucb,student_19,7,0.1453886069508177
linucb,student_19,8,0.16113074461892776
linucb,student_19,9,0.1775906463532818
linucb,student_19,10,0.20895509536653137
linucb,student_19,11,0.22690620547525384
linucb,student_19,12,0.23518910768976406
linucb,student_19,13,0.2381178940087164
linucb,student_19,14,0.23915966305447564
linucb,student_19,15,0.2568106470462989
linucb,student_19,16,0.2792301491355872
linucb,student_19,17,0.31207906549223974
linucb,student_19,18,0.2941319956480311
linucb,student_19,19,0.29047345607903907
linucb,student_19,20,0.3144915352179695
linucb,student_19,21,0.2947930632614055
linucb,student_19,22,0.29057867127410025
linucb,student_19,23,0.28993660599103394
linucb,student_19,24,0.3030560681023463
linucb,student_19,25,0.33445668907968007
linucb,student_19,26,0.3545778803521684
linucb,student_19,27,0.3661360003953939
linucb,student_19,28,0.3680611974632748
linucb,student_19,29,0.3683265828905992
linucb,student_19,30,0.3683641215530991
linucb,student_19,31,0.3831487399364691
linucb,student_19,32,0.38176381313477087
linucb,student_19,33,0.38156265124824534
linucb,student_19,34,0.38153398548682765
linucb,student_19,35,0.381529911790877
linucb,student_19,36,0.39399904158127663
linucb,student_19,37,0.39193927751446206
linucb,student_19,38,0.3916367515307518
linucb,student_19,39,0.3915935714667136
linucb,student_19,40,0.41519779883431135
linucb,student_20,1,0.10294377998999889
linucb,student_20,2,0.10407660888224078
linucb,student_20,3,0.10423468516580146
linucb,student_20,4,0.10425708296990067
linucb,student_20,5,0.1267829720909552
linucb,student_20,6,0.10863561197778243
linucb,student_20,7,0.10491643802429938
linucb,student_20,8,0.10435465603194695
linucb,student_20,9,0.10427413808141861
linucb,student_20,10,0.10426268622464961
linucb,student_20,11,0.10426105924451512
linucb,student_20,12,0.10426082813341024
linucb,student_20,13,0.1042607953050078
linucb,student_20,14,0.10426079064188003
linucb,student_20,15,0.10426078997950387
linucb,student_20,16,0.12341255641448252
linucb,student_20,17,0.14272705613450146
linucb,student_20,18,0.16665979004163098
linucb,student_20,19,0.16228683349342876
linucb,student_20,20,0.16161876574455794
linucb,student_20,21,0.16152285043863548
linucb,student_20,22,0.16150920531384008
linucb,student_20,23,0.16150726666572504
linucb,student_20,24,0.16150699128109292
linucb,student_20,25,0.1615069521637866
linucb,student_20,26,0.16150694660734757
linucb,student_20,27,0.1615069458180806
linucb,student_20,28,0.1886601845822851
linucb,student_20,29,0.21226938641566273
linucb,student_20,30,0.2282607865830132
linucb,student_20,31,0.235578497924138
linucb,student_20,32,0.23651115783138413
linucb,student_20,33,0.23664170814580385
linucb,student_20,34,0.23666021386448913
linucb,student_20,35,0.2366628417453531
linucb,student_20,36,0.23666321500830576
linucb,student_20,37,0.23666326802829718
linucb,student_20,38,0.23666327555953962
linucb,student_20,39,0.23666327662931827
linucb,student_20,40,0.23666327678127544
linucb,student_21,1,0.12759879240443084
linucb,student_21,2,0.14311907230676676
linucb,student_21,3,0.1744726548575868
linucb,student_21,4,0.14299922842331556
linucb,student_21,5,0.17133523586389907
linucb,student_21,6,0.18731582858887208
linucb,student_21,7,0.19757369233884514
linucb,student_21,8,0.22405508700648924
linucb,student_21,9,0.24045383711815962
linucb,student_21,10,0.2465620128370413
linucb,student_21,11,0.2506667707765645
linucb,student_21,12,0.25145856540195743
linucb,student_21,13,0.25200623610120604
linucb,student_21,14,0.25211731255481035
linucb,student_21,15,0.27407325792940185
linucb,student_21,16,0.27408900805546776
linucb,student_21,17,0.29824216985972307
linucb,student_21,18,0.28057848797718005
linucb,student_21,19,0.31023989929337054
linucb,student_21,20,0.3355978300774916
linucb,student_21,21,0.3621043957033885
linucb,student_21,22,0.3710269925392314
linucb,student_21,23,0.3759921923284033
linucb,student_21,24,0.3809406281729215
linucb,student_21,25,0.38205316496696096
linucb,student_21,26,0.38270739627750155
linucb,student_21,27,0.3833595765617937
linucb,student_21,28,0.38351487018332603
linucb,student_21,29,0.3836068464647779
linucb,student_21,30,0.4022667307344802
linucb,student_21,31,0.40228873523301467
linucb,student_21,32,0.40230178099203023
linucb,student_21,33,0.42945221941540973
linucb,student_21,34,0.42945407212230496
linucb,student_21,35,0.4294543352831542
linucb,student_21,36,0.4294543726638005
linucb,student_21,37,0.4294543779735482
linucb,student_21,38,0.42945437872777364
linucb,student_21,39,0.42945437883490795
linucb,student_21,40,0.4294543788501259
linucb,student_22,1,0.1203727336639804
linucb,student_22,2,0.12101531461516112
linucb,student_22,3,0.12110566950898216
linucb,student_22,4,0.12111848562256185
linucb,student_22,5,0.12112030572276095
linucb,student_22,6,0.1348754636660296
linucb,student_22,7,0.12345804293949898
linucb,student_22,8,0.1214621549197812
linucb,student_22,9,0.1211693208995691
linucb,student_22,10,0.14535777101393255
linucb,student_22,11,0.12596408928232575
linucb,student_22,12,0.12185080071227984
linucb,student_22,13,0.15156449567831815
linucb,student_22,14,0.1279120046322952
linucb,student_22,15,0.15528812440952847
linucb,student_22,16,0.17778138165576776
linucb,student_22,17,0.189549832973421
linucb,student_22,18,0.18689982081712153
linucb,student_22,19,0.18650674822619664
linucb,student_22,20,0.20907649887909832
linucb,student_22,21,0.22604100509440572
linucb,student_22,22,0.24330990809726982
linucb,student_22,23,0.2549256110246542
linucb,student_22,24,0.2616204219598508
linucb,student_22,25,0.2670415657442244
linucb,student_22,26,0.26790226970445435
linucb,student_22,27,0.26861191034111637
linucb,student_22,28,0.26873252381481916
linucb,student_22,29,0.2688322033608725
linucb,student_22,30,0.26884930320791683
linucb,student_22,31,0.29598986324353666
linucb,student_22,32,0.31008148013674236
linucb,student_22,33,0.29839834296009404
linucb,student_22,34,0.2963445033910561
linucb,student_22,35,0.2960428772044183
linucb,student_22,36,0.3115672617354235
linucb,student_22,37,0.33586502366798276
linucb,student_22,38,0.3613802531551838
linucb,student_22,39,0.383550096808807
linucb,student_22,40,0.39324946279329875
linucb,student_23,1,0.16677325827634137
linucb,student_23,2,0.14466574918141845
linucb,student_23,3,0.13957487617089878
linucb,student_23,4,0.15826391210707158
linucb,student_23,5,0.19058199544915141
linucb,student_23,6,0.20575768407444417
linucb,student_23,7,0.19663460496423799
linucb,student_23,8,0.21758409208962495
linucb,student_23,9,0.19928436942965355
linucb,student_23,10,0.1955185901813309
linucb,student_23,11,0.22518370903558052
linucb,student_23,12,0.2016055992743773
linucb,student_23,13,0.1958972127026851
linucb,student_23,14,0.2190550352319097
linucb,student_23,15,0.24994319416342617
linucb,student_23,16,0.26285834252584345
linucb,student_23,17,0.2719271800716478
linucb,student_23,18,0.2730557265064599
linucb,student_23,19,0.2732132156808423
linucb,student_23,20,0.2732355305049457
linucb,student_23,21,0.27323869910131976
linucb,student_23,22,0.2732391491633823
linucb,student_23,23,0.29683852204221767
linucb,student_23,24,0.3226380106900583
linucb,student_23,25,0.3460877237768689
linucb,student_23,26,0.3727869762449074
linucb,student_23,27,0.37981552660842893
linucb,student_23,28,0.382572873383406
linucb,student_23,29,0.3834722833183622
linucb,student_23,30,0.3838476138880989
linucb,student_23,31,0.4108870414238038
linucb,student_23,32,0.4300077614370588
linucb,student_23,33,0.41445290443695443
linucb,student_23,34,0.41146826668101727
linucb,student_23,35,0.43379255240360176
linucb,student_23,36,0.4594428038544402
linucb,student_23,37,0.48117292398824424
linucb,student_23,38,0.5110055781383848
linucb,student_23,39,0.5261660897546243
linucb,student_23,40,0.5432973113615899
linucb,student_24,1,0.12705774068189038
linucb,student_24,2,0.12721508685657987
linucb,student_24,3,0.12723738146936406
linucb,student_24,4,0.127240547196845
linucb,student_24,5,0.1272409968514353
linucb,student_24,6,0.12724106072236982
linucb,student_24,7,0.12724106979493655
linucb,student_24,8,0.15439430730396927
linucb,student_24,9,0.17271361415254893
linucb,student_24,10,0.14136163536931184
linucb,student_24,11,0.12965324610742385
linucb,student_24,12,0.12759386370541426
linucb,student_24,13,0.12729139569330308
linucb,student_24,14,0.12724822394365135
linucb,student_24,15,0.12724208738467638
linucb,student_24,16,0.1272412156294002
linucb,student_24,17,0.14595284770345487
linucb,student_24,18,0.17506740992482997
linucb,student_24,19,0.14306405003737654
linucb,student_24,20,0.130011748852943
linucb,student_24,21,0.1276480891426924
linucb,student_24,22,0.12729916847872338
linucb,student_24,23,0.1272493294622017
linucb,student_24,24,0.12724224444744056
linucb,student_24,25,0.144285604632869
linucb,student_24,26,0.13028025560156814
linucb,student_24,27,0.15744242293780247
linucb,student_24,28,0.18451214424415538
linucb,student_24,29,0.19583145224047946
linucb,student_24,30,0.20650144687928093
linucb,student_24,31,0.20692294763053862
linucb,student_24,32,0.22099851014040395
linucb,student_24,33,0.20938098808655756
linucb,student_24,34,0.2073415221026614
linucb,student_24,35,0.2070420781996838
linucb,student_24,36,0.20699934015158808
linucb,student_24,37,0.20699326528210585
linucb,student_24,38,0.20699240229124158
linucb,student_24,39,0.20699227970563175
linucb,student_24,40,0.22614405625983713
linucb,student_25,1,0.08711656632857391
linucb,student_25,2,0.11429686159773211
linucb,student_25,3,0.09280619824325083
linucb,student_25,4,0.11923757446590844
linucb,student_25,5,0.13998696044988057
linucb,student_25,6,0.15396557452023507
linucb,student_25,7,0.16751398411252968
linucb,student_25,8,0.1598955256422345
linucb,student_25,9,0.1797262064234826
linucb,student_25,10,0.20834700009311954
linucb,student_25,11,0.22494008451561553
linucb,student_25,12,0.23762676474192976
linucb,student_25,13,0.2368706970922413
linucb,student_25,14,0.23676199345398533
linucb,student_25,15,0.23674652588462355
linucb,student_25,16,0.23674432824679534
linucb,student_25,17,0.26205305710882115
linucb,student_25,18,0.2877292823592446
linucb,student_25,19,0.315259428636502
linucb,student_25,20,0.34265468823064055
linucb,student_25,21,0.35718478664298997
linucb,student_25,22,0.36254339673286357
linucb,student_25,23,0.3785351704256766
linucb,student_25,24,0.4049583451742364
linucb,student_25,25,0.4056604287439604
linucb,student_25,26,0.4291821793339547
linucb,student_25,27,0.45871404068069865
linucb,student_25,28,0.43992046993265776
linucb,student_25,29,0.43600068511261497
linucb,student_25,30,0.43540654812512986
linucb,student_25,31,0.4353213485663667
linucb,student_25,32,0.46064001621385775
linucb,student_25,33,0.4866884943752407
linucb,student_25,34,0.515615750943563
linucb,student_25,35,0.5361993659212678
linucb,student_25,36,0.551208120767342
linucb,student_25,37,0.5620869121211334
linucb,student_25,38,0.5737220117165026
linucb,student_25,39,0.5826004693101602
linucb,student_25,40,0.5901757177284884
linucb,student_26,1,0.08314403271426786
linucb,student_26,2,0.083689177046529
linucb,student_26,3,0.09916868612205261
linucb,student_26,4,0.08645645937898604
linucb,student_26,5,0.08417156922228708
linucb,student_26,6,0.0838347193983226
linucb,student_26,7,0.09899529734427646
linucb,student_26,8,0.08641959759702537
linucb,student_26,9,0.10986230153216005
linucb,student_26,10,0.13714394526377877
linucb,student_26,11,0.15129930876591774
linucb,student_26,12,0.16051639488404817
linucb,student_26,13,0.161661107614083
linucb,student_26,14,0.1618208127203706
linucb,student_26,15,0.18095934312979353
linucb,student_26,16,0.21169435820467894
linucb,student_26,17,0.22832023154580602
linucb,student_26,18,0.23362461052291839
linucb,student_26,19,0.2383688631865218
linucb,student_26,20,0.23906438217425205
linucb,student_26,21,0.2396915019648619
linucb,student_26,22,0.23978921952047194
linucb,student_26,23,0.2545466116322337
linucb,student_26,24,0.2798433920299433
linucb,student_26,25,0.2677115206090748
linucb,student_26,26,0.27721669596122633
linucb,student_26,27,0.3086053964789959
linucb,student_26,28,0.28846684181952126
linucb,student_26,29,0.3205878401700908
linucb,student_26,30,0.292855204996008
linucb,student_26,31,0.3202317604873926
linucb,student_26,32,0.3450654760055256
linucb,student_26,33,0.3537294672473135
linucb,student_26,34,0.36105753479869535
linucb,student_26,35,0.3736350588970241
linucb,student_26,36,0.37482321101280275
linucb,student_26,37,0.37590728436999266
linucb,student_26,38,0.3768411302380832
linucb,student_26,39,0.37700678413857974
linucb,student_26,40,0.37715817161027193
linucb,student_27,1,0.15337680024368647
linucb,student_27,2,0.17874380921779687
linucb,student_27,3,0.18861282879910765
linucb,student_27,4,0.19337625782290355
linucb,student_27,5,0.21813347736440236
linucb,student_27,6,0.19889283134736876
linucb,student_27,7,0.2249854720473028
linucb,student_27,8,0.20105312641007778
linucb,student_27,9,0.1951844135309748
linucb,student_27,10,0.22122539491256313
linucb,student_27,11,0.1998029969425901
linucb,student_27,12,0.2233171511743225
linucb,student_27,13,0.2508134789398187
linucb,student_27,14,0.2625497676458953
linucb,student_27,15,0.27062408718565234
linucb,student_27,16,0.27164251786940413
linucb,student_27,17,0.2717848837819908
linucb,student_27,18,0.29707633034121994
linucb,student_27,19,0.3179722496167866
linucb,student_27,20,0.3484594059884895
linucb,student_27,21,0.32297248450221905
linucb,student_27,22,0.3163350433610625
linucb,student_27,23,0.33301889266499146
linucb,student_27,24,0.3523945565886693
linucb,student_27,25,0.37529786480126237
linucb,student_27,26,0.3854928259594626
linucb,student_27,27,0.3942325554179284
linucb,student_27,28,0.39532498520430237
linucb,student_27,29,0.3961773861422992
linucb,student_27,30,0.3963299207571335
linucb,student_27,31,0.3964493861816683
linucb,student_27,32,0.3964710006839136
linucb,student_27,33,0.3964879380755866
linucb,student_27,34,0.3964910072637898
linucb,student_27,35,0.4200885465333008
linucb,student_27,36,0.4200889824762833
linucb,student_27,37,0.42008904439957373
linucb,student_27,38,0.44062175342295923
linucb,student_27,39,0.43939898618907086
linucb,student_27,40,0.4392218475578522
linucb,student_28,1,0.13041366736715954
linucb,student_28,2,0.1314252526069455
linucb,student_28,3,0.1315666766616287
linucb,student_28,4,0.1315867202983035
linucb,student_28,5,0.1315895664997447
linucb,student_28,6,0.13158997077144696
linucb,student_28,7,0.13159002819603594
linucb,student_28,8,0.15874325955103388
linucb,student_28,9,0.188466245006661
linucb,student_28,10,0.20007639451268502
linucb,student_28,11,0.20710729923380602
linucb,student_28,12,0.20800698095749007
linucb,student_28,13,0.2270846760469654
linucb,student_28,14,0.21162747718699992
linucb,student_28,15,0.20866855366886838
linucb,student_28,16,0.20822736866933736
linucb,student_28,17,0.20816425765913024
linucb,student_28,18,0.20815528403073583
linucb,student_28,19,0.23231126711735617
linucb,student_28,20,0.26321522359995103
linucb,student_28,21,0.2761503665057502
linucb,student_28,22,0.2854493201732236
linucb,student_28,23,0.2886587800338003
linucb,student_28,24,0.3097874757043088
linucb,student_28,25,0.3102213999237209
linucb,student_28,26,0.3393140822602441
linucb,student_28,27,0.3232059630790723
linucb,student_28,28,0.32007314893940503
linucb,student_28,29,0.31960465728145904
linucb,student_28,30,0.31953761073901693
linucb,student_28,31,0.31952807692845264
linucb,student_28,32,0.3486799313569546
linucb,student_28,33,0.325964550966334
linucb,student_28,34,0.32062720263498606
linucb,student_28,35,0.31979778530536074
linucb,student_28,36,0.3196783945069731
linucb,student_28,37,0.319661403358331
linucb,student_28,38,0.3406773385411595
linucb,student_28,39,0.36297485012310965
linucb,student_28,40,0.34017138963555765
linucb,student_29,1,0.09666057049442654
linucb,student_29,2,0.09731443043009007
linucb,student_29,3,0.09740635503619675
linucb,student_29,4,0.09741939347635063
linucb,student_29,5,0.09742124514406532
linucb,student_29,6,0.11406845333602857
linucb,student_29,7,0.14171861901905228
linucb,student_29,8,0.1107678755276123
linucb,student_29,9,0.09967641392092665
linucb,student_29,10,0.09775070024294445
linucb,student_29,11,0.09746849009949575
linucb,student_29,12,0.12002650826244389
linucb,student_29,13,0.10181839066077997
linucb,student_29,14,0.09808068218047115
linucb,student_29,15,0.0975159203648781
linucb,student_29,16,0.09743497145242837
linucb,student_29,17,0.11530028143325001
linucb,student_29,18,0.10064981587816087
linucb,student_29,19,0.12492191583911293
linucb,student_29,20,0.15311234838378868
linucb,student_29,21,0.16559019443822035
linucb,student_29,22,0.17324701562657738
linucb,student_29,23,0.1742183357425596
linucb,student_29,24,0.17435421570333628
linucb,student_29,25,0.1743734752820859
linucb,student_29,26,0.1743762101811486
linucb,student_29,27,0.17437659864425525
linucb,student_29,28,0.19352833278324932
linucb,student_29,29,0.2259595337796428
linucb,student_29,30,0.24137717162862507
linucb,student_29,31,0.2500017224085243
linucb,student_29,32,0.25108143749151646
linucb,student_29,33,0.2592591897427121
linucb,student_29,34,0.28512989734066246
linucb,student_29,35,0.3045338594044768
linucb,student_29,36,0.3287299209717298
linucb,student_29,37,0.3551429741451575
linucb,student_29,38,0.364661256792038
linucb,student_29,39,0.3739259193871982
linucb,student_29,40,0.38031213194073077
linucb,student_30,1,0.12545611553550212
linucb,student_30,2,0.12642435282394243
linucb,student_30,3,0.14505941171869077
linucb,student_30,4,0.1299490802076961
linucb,student_30,5,0.12708045444361457
linucb,student_30,6,0.12665338543981614
linucb,student_30,7,0.12659230752503184
linucb,student_30,8,0.14574914595160965
linucb,student_30,9,0.13011202833370955
linucb,student_30,10,0.12710562956455904
linucb,student_30,11,0.12665700544805245
linucb,student_30,12,0.14218925591455292
linucb,student_30,13,0.171661267487088
linucb,student_30,14,0.19148891912865687
linucb,student_30,15,0.20351037155009113
linucb,student_30,16,0.20159385798299032
linucb,student_30,17,0.20131303883109583
linucb,student_30,18,0.20127297092073962
linucb,student_30,19,0.20126727583157566
linucb,student_30,20,0.20126646679686555
linucb,student_30,21,0.20126635187568573
linucb,student_30,22,0.20126633555162465
linucb,student_30,23,0.20126633323286539
linucb,student_30,24,0.22041809980531832
linucb,student_30,25,0.2461456571012799
linucb,student_30,26,0.2149903228553681
linucb,student_30,27,0.2035974962794742
linucb,student_30,28,0.21601640066855385
linucb,student_30,29,0.20380901209475688
linucb,student_30,30,0.2016388093636349
linucb,student_30,31,0.20131947763735356
linucb,student_30,32,0.20127388661453638
linucb,student_30,33,0.20126740592374537
linucb,student_30,34,0.20126648527631144
linucb,student_30,35,0.22657506132100824
linucb,student_30,36,0.25410532166804317
linucb,student_30,37,0.26863559786348473
linucb,student_30,38,0.27297245693538974
linucb,student_30,39,0.27708911757706695
linucb,student_30,40,0.2927344251088449
linucb,student_31,1,0.0568143242641423
linucb,student_31,2,0.05743676123185342
linucb,student_31,3,0.057524311279406826
linucb,student_31,4,0.05753673010036945
linucb,student_31,5,0.05753849378956899
linucb,student_31,6,0.0575387443065855
linucb,student_31,7,0.057538779891247394
linucb,student_31,8,0.05753878494588402
linucb,student_31,9,0.05753878566387211
linucb,student_31,10,0.05753878576585906
linucb,student_31,11,0.057538785780345846
linucb,student_31,12,0.05753878578240362
linucb,student_31,13,0.05753878578269592
linucb,student_31,14,0.05753878578273744
linucb,student_31,15,0.05753878578274333
linucb,student_31,16,0.08284725165536228
linucb,student_31,17,0.11037759423722572
linucb,student_31,18,0.07784937360000335
linucb,student_31,19,0.06134660883256173
linucb,student_31,20,0.058105414071306545
linucb,student_31,21,0.05761982062447609
linucb,student_31,22,0.05755030755399207
linucb,student_31,23,0.0575404226230041
linucb,student_31,24,0.05753901829300407
linucb,student_31,25,0.057538818809861475
linucb,student_31,26,0.057538790474098024
linucb,student_31,27,0.057538786449129825
linucb,student_31,28,0.05753878587740135
linucb,student_31,29,0.05753878579618992
linucb,student_31,30,0.057538785784654205
linucb,student_31,31,0.07669055216561534
linucb,student_31,32,0.061065001784008206
linucb,student_31,33,0.058061668596941084
linucb,student_31,34,0.057613525204729815
linucb,student_31,35,0.057549411653822206
linucb,student_31,36,0.05754029533082102
linucb,student_31,37,0.057539000211049234
linucb,student_31,38,0.057538816241388284
linucb,student_31,39,0.05753879010925781
linucb,student_31,40,0.05753878639730592
linucb,student_32,1,0.08231207092870041
linucb,student_32,2,0.08258076275931746
linucb,student_32,3,0.08261876712624705
linucb,student_32,4,0.08262416221755488
linucb,student_32,5,0.10793198249913433
linucb,student_32,6,0.0877747916033113
linucb,student_32,7,0.08340444195858655
linucb,student_32,8,0.08273680288517704
linucb,student_32,9,0.08264094978641352
linucb,student_32,10,0.08262731352484638
linucb,student_32,11,0.08262537613625837
linucb,student_32,12,0.09966839425878278
linucb,student_32,13,0.0856639723246203
linucb,student_32,14,0.08307296066576648
linucb,student_32,15,0.08268902012675589
linucb,student_32,16,0.0826341482097347
linucb,student_32,17,0.08262634710368315
linucb,student_32,18,0.08262523885471022
linucb,student_32,19,0.08262508143021009
linucb,student_32,20,0.08262505906871952
linucb,student_32,21,0.10977830057854422
linucb,student_32,22,0.1357563726714839
linucb,student_32,23,0.15007863499309318
linucb,student_32,24,0.1756991724606053
linucb,student_32,25,0.15282126649970965
linucb,student_32,26,0.147416003325114
linucb,student_32,27,0.14657501083401062
linucb,student_32,28,0.1464539311980322
linucb,student_32,29,0.17177689881678568
linucb,student_32,30,0.19929639822118508
linucb,student_32,31,0.21380992762493098
linucb,student_32,32,0.22340276325503824
linucb,student_32,33,0.22752546203849436
linucb,student_32,34,0.2501314894004682
linucb,student_32,35,0.25068140914181436
linucb,student_32,36,0.25075884722652914
linucb,student_32,37,0.268612579545026
linucb,student_32,38,0.25399124447562865
linucb,student_32,39,0.2708342285201888
linucb,student_32,40,0.2997092947176407
linucb,student_33,1,0.13307159411444316
linucb,student_33,2,0.1338726696933829
linucb,student_33,3,0.13398503182128169
linucb,student_33,4,0.134000963925406
linucb,student_33,5,0.13400322643588078
linucb,student_33,6,0.13400354780366133
linucb,student_33,7,0.13400359345226082
linucb,student_33,8,0.13400359993643216
linucb,student_33,9,0.13400360085747914
linucb,student_33,10,0.1550179059021493
linucb,student_33,11,0.18208463038737308
linucb,student_33,12,0.19991737438809556
linucb,student_33,13,0.19750994379735798
linucb,student_33,14,0.19715430176078105
linucb,student_33,15,0.19710349721625453
linucb,student_33,16,0.19709627483309575
linucb,student_33,17,0.19709524880869847
linucb,student_33,18,0.19709510306422154
linucb,student_33,19,0.19709508236183312
linucb,student_33,20,0.197095079421152
linucb,student_33,21,0.1970950790034416
linucb,student_33,22,0.19709507894410772
linucb,student_33,23,0.1970950789356796
linucb,student_33,24,0.2126033937452103
linucb,student_33,25,0.1997981466848413
linucb,student_33,26,0.22871974153253957
linucb,student_33,27,0.25637750797722647
linucb,student_33,28,0.2662018461321795
linucb,student_33,29,0.2759147898059543
linucb,student_33,30,0.30190603220613094
linucb,student_33,31,0.3139204426173416
linucb,student_33,32,0.3048246712324747
linucb,student_33,33,0.30330800961469506
linucb,student_33,34,0.30308723748921446
linucb,student_33,35,0.30305576740711493
linucb,student_33,36,0.3030512949893812
linucb,student_33,37,0.3030506596576405
linucb,student_33,38,0.30305056941074393
linucb,student_33,39,0.30305055659156416
linucb,student_33,40,0.3030505547706575
linucb,student_34,1,0.1141667254710934
linucb,student_34,2,0.10056766357224241
linucb,student_34,3,0.09807470555775973
linucb,student_34,4,0.09770590149489693
linucb,student_34,5,0.09765320561763195
linucb,student_34,6,0.09764571413699562
linucb,student_34,7,0.1212459703862379
linucb,student_34,8,0.10231113047284436
linucb,student_34,9,0.09834643760639165
linucb,student_34,10,0.0977450266629679
linucb,student_34,11,0.09765877392703197
linucb,student_34,12,0.121267796951649
linucb,student_34,13,0.10231714010879189
linucb,student_34,14,0.09834739495844325
linucb,student_34,15,0.09774516495899366
linucb,student_34,16,0.11564882171232056
linucb,student_34,17,0.13345615941503775
linucb,student_34,18,0.10652674023721326
linucb,student_34,19,0.1375961323872167
linucb,student_34,20,0.10848893643245207
linucb,student_34,21,0.09941382389893787
linucb,student_34,22,0.0979012221949147
linucb,student_34,23,0.09768105570339948
linucb,student_34,24,0.09764967225497516
linucb,student_34,25,0.09764521215545661
linucb,student_34,26,0.09764457857371063
linucb,student_34,27,0.09764448857539788
linucb,student_34,28,0.09764447579152837
linucb,student_34,29,0.1212439001516602
linucb,student_34,30,0.14266157193794052
linucb,student_34,31,0.16252962043752184
linucb,student_34,32,0.18308629126296713
linucb,student_34,33,0.1663664118265516
linucb,student_34,34,0.16306460008440135
linucb,student_34,35,0.16256941387501564
linucb,student_34,36,0.162498516682457
linucb,student_34,37,0.16248843470392219
linucb,student_34,38,0.162487002375335
linucb,student_34,39,0.189640423341392
linucb,student_34,40,0.1681924027778541
linucb,student_35,1,0.08458379310550523
linucb,student_35,2,0.0846846968352049
linucb,student_35,3,0.08469900682307434
linucb,student_35,4,0.08470103902993702
linucb,student_35,5,0.08470132768636762
linucb,student_35,6,0.08470136868851354
linucb,student_35,7,0.1118546021336881
linucb,student_35,8,0.13593934331650884
linucb,student_35,9,0.151598756993337
linucb,student_35,10,0.16608978762521154
linucb,student_35,11,0.16051033618554386
linucb,student_35,12,0.15963952454926442
linucb,student_35,13,0.15951409132652528
linucb,student_35,14,0.18005845032242498
linucb,student_35,15,0.20559500801993744
linucb,student_35,16,0.22475142194440711
linucb,student_35,17,0.22987209494413371
linucb,student_35,18,0.23140202277048613
linucb,student_35,19,0.24812038658775815
linucb,student_35,20,0.24833256765901304
linucb,student_35,21,0.273615680651288
linucb,student_35,22,0.3030635350262046
linucb,student_35,23,0.32913570722919727
linucb,student_35,24,0.3480247745996217
linucb,student_35,25,0.3633032429535361
linucb,student_35,26,0.3641952277188943
linucb,student_35,27,0.3643201636872482
linucb,student_35,28,0.36433787513843957
linucb,student_35,29,0.36434039026208276
linucb,student_35,30,0.3643407475096929
linucb,student_35,31,0.3822001099646468
linucb,student_35,32,0.3759997601972815
linucb,student_35,33,0.37502109377864506
linucb,student_35,34,0.3956453340053249
linucb,student_35,35,0.40354638023391737
linucb,student_35,36,0.3894399845054722
linucb,student_35,37,0.38682400283471674
linucb,student_35,38,0.40910883127260056
linucb,student_35,39,0.3944733345270732
linucb,student_35,40,0.3917257742628413
linucb,student_36,1,0.1240564433418206
linucb,student_36,2,0.12490191578967964
linucb,student_36,3,0.1250204229926113
linucb,student_36,4,0.12503722478605003
linucb,student_36,5,0.14604991849692306
linucb,student_36,6,0.17151685185574725
linucb,student_36,7,0.1398606888981155
linucb,student_36,8,0.1275974730769944
linucb,student_36,9,0.15850134106966826
linucb,student_36,10,0.18288424886246943
linucb,student_36,11,0.19377981338846195
linucb,student_36,12,0.19126780200889482
linucb,student_36,13,0.20477807303059128
linucb,student_36,14,0.19321011983385347
linucb,student_36,15,0.19118148475120833
linucb,student_36,16,0.19088368456987304
linucb,student_36,17,0.19084118223794633
linucb,student_36,18,0.21799983189931835
linucb,student_36,19,0.19654351921430868
linucb,student_36,20,0.19170441800217844
linucb,student_36,21,0.19095905665629967
linucb,student_36,22,0.19085191082367167
linucb,student_36,23,0.19083666529436616
linucb,student_36,24,0.19083449921171045
linucb,student_36,25,0.19083419151892933
linucb,student_36,26,0.21043601980759077
linucb,student_36,27,0.22713435325286116
linucb,student_36,28,0.19993015520369772
linucb,student_36,29,0.23103558589387244
linucb,student_36,30,0.253933706138371
linucb,student_36,31,0.26187109482801846
linucb,student_36,32,0.2814669840946795
linucb,student_36,33,0.2824700220769483
linucb,student_36,34,0.2826102698417797
linucb,student_36,35,0.28263014713646634
linucb,student_36,36,0.2826329697247576
linucb,student_36,37,0.3017845018454394
linucb,student_36,38,0.28976738252544787
linucb,student_36,39,0.2876397280560005
linucb,student_36,40,0.2873268783512449
linucb,student_37,1,0.14626928531403613
linucb,student_37,2,0.1742774401322806
linucb,student_37,3,0.1531390932226797
linucb,student_37,4,0.1484186624547977
linucb,student_37,5,0.16797960344638743
linucb,student_37,6,0.1514035216751833
linucb,student_37,7,0.14814193722741012
linucb,student_37,8,0.16345345139964856
linucb,student_37,9,0.17976561587593118
linucb,student_37,10,0.15499689209490594
linucb,student_37,11,0.14872881089774959
linucb,student_37,12,0.14773822849504545
linucb,student_37,13,0.1475952662919468
linucb,student_37,14,0.16962155442633653
linucb,student_37,15,0.15182190189813496
linucb,student_37,16,0.1482075407196836
linucb,student_37,17,0.14766257357941778
linucb,student_37,18,0.147584486730731
linucb,student_37,19,0.14757338107272053
linucb,student_37,20,0.1690816357924508
linucb,student_37,21,0.20086974920541215
linucb,student_37,22,0.21507300708820495
linucb,student_37,23,0.21675099594263136
linucb,student_37,24,0.2169831818179984
linucb,student_37,25,0.2170160416518413
linucb,student_37,26,0.2170207068072939
linucb,student_37,27,0.21702136942232444
linucb,student_37,28,0.21702146354278715
linucb,student_37,29,0.21702147691215104
linucb,student_37,30,0.217021478811208
linucb,student_37,31,0.22665476647794114
linucb,student_37,32,0.24831436128606557
linucb,student_37,33,0.27279509827936055
linucb,student_37,34,0.2407043837703672
linucb,student_37,35,0.26871670426562133
linucb,student_37,36,0.23618488522200884
linucb,student_37,37,0.22055047351742843
linucb,student_37,38,0.2175447920422454
linucb,student_37,39,0.2170962804115402
linucb,student_37,40,0.21703211379989026
linucb,student_38,1,0.07343804556904288
linucb,student_38,2,0.07311572042657355
linucb,student_38,3,0.07306969983099582
linucb,student_38,4,0.07306315803245055
linucb,student_38,5,0.08932341991427516
linucb,student_38,6,0.07592799135911761
linucb,student_38,7,0.09947512421094391
linucb,student_38,8,0.07854047864353876
linucb,student_38,9,0.07389468252882736
linucb,student_38,10,0.07318152970338042
linucb,student_38,11,0.07307906707822896
linucb,student_38,12,0.07306448899825946
linucb,student_38,13,0.08894559172541093
linucb,student_38,14,0.11213135396522228
linucb,student_38,15,0.12960861237477692
linucb,student_38,16,0.14146089726294211
linucb,student_38,17,0.14825397079122768
linucb,student_38,18,0.16564626819929332
linucb,student_38,19,0.15215991278379773
linucb,student_38,20,0.1689167808004841
linucb,student_38,21,0.2012248178249504
linucb,student_38,22,0.2163797454253682
linucb,student_38,23,0.21555891551988915
linucb,student_38,24,0.2361682896089167
linucb,student_38,25,0.2639722306285006
linucb,student_38,26,0.29270804828241564
linucb,student_38,27,0.26791282953044876
linucb,student_38,28,0.28864529884618323
linucb,student_38,29,0.31656822997048223
linucb,student_38,30,0.3334449143619383
linucb,student_38,31,0.3464114329807757
linucb,student_38,32,0.3542675725563395
linucb,student_38,33,0.36873791339973566
linucb,student_38,34,0.3697317910338182
linucb,student_38,35,0.3698707777873775
linucb,student_38,36,0.38537171949810783
linucb,student_38,37,0.4016780130394513
linucb,student_38,38,0.43203521354186236
linucb,student_38,39,0.4597536269045383
linucb,student_38,40,0.489366449082343
linucb,student_39,1,0.18193136982587335
linucb,student_39,2,0.19168197282297728
linucb,student_39,3,0.19966470751047696
linucb,student_39,4,0.20067284923999876
linucb,student_39,5,0.20081379942979982
linucb,student_39,6,0.2008337760568427
linucb,student_39,7,0.20083661274591716
linucb,student_39,8,0.2008370156665529
linucb,student_39,9,0.2008370728992315
linucb,student_39,10,0.20083708102886597
linucb,student_39,11,0.2008370821836434
linucb,student_39,12,0.2008370823476743
linucb,student_39,13,0.20083708237097417
linucb,student_39,14,0.2008370823742838
linucb,student_39,15,0.20083708237475392
linucb,student_39,16,0.2008370823748207
linucb,student_39,17,0.2008370823748302
linucb,student_39,18,0.20083708237483153
linucb,student_39,19,0.2008370823748317
linucb,student_39,20,0.20083708237483175
linucb,student_39,21,0.22185138750785005
linucb,student_39,22,0.20482098918294991
linucb,student_39,23,0.22884921019312668
linucb,student_39,24,0.24748483322518786
linucb,student_39,25,0.26627925590065965
linucb,student_39,26,0.2915246820158482
linucb,student_39,27,0.28501960609977134
linucb,student_39,28,0.28398709144370626
linucb,student_39,29,0.2838379761350928
linucb,student_39,30,0.30300213520295205
linucb,student_39,31,0.32389111381270996
linucb,student_39,32,0.34652483564455894
linucb,student_39,33,0.36795152459250896
linucb,student_39,34,0.37750389792926026
linucb,student_39,35,0.3865641094261983
linucb,student_39,36,0.39121008245024497
linucb,student_39,37,0.39554524490048526
linucb,student_39,38,0.3967262878562649
linucb,student_39,39,0.3978538916791729
linucb,student_39,40,0.4127762967891664
linucb,student_40,1,0.09073746938709441
linucb,student_40,2,0.1037036448826389
linucb,student_40,3,0.12621388500393252
linucb,student_40,4,0.15224059070122944
linucb,student_40,5,0.1602562742000843
linucb,student_40,6,0.16126812043988864
linucb,student_40,7,0.16140958040897888
linucb,student_40,8,0.1614296291242992
linucb,student_40,9,0.1614324760466798
linucb,student_40,10,0.18196492681870113
linucb,student_40,11,0.1652957446581176
linucb,student_40,12,0.16200815143377692
linucb,student_40,13,0.16151521712873715
linucb,student_40,14,0.16144464489763158
linucb,student_40,15,0.18560766168888232
linucb,student_40,16,0.21499248706636961
linucb,student_40,17,0.22900903447763007
linucb,student_40,18,0.23113159675631675
linucb,student_40,19,0.23142330908884012
linucb,student_40,20,0.23146455452923176
linucb,student_40,21,0.23147040942143648
linucb,student_40,22,0.23147124100493158
linucb,student_40,23,0.25200387865692925
linucb,student_40,24,0.2797592252898594
linucb,student_40,25,0.30476584718512145
linucb,student_40,26,0.3309887643304335
linucb,student_40,27,0.34978049550402407
linucb,student_40,28,0.3589647349966556
linucb,student_40,29,0.36141740495095526
linucb,student_40,30,0.3625585412656947
linucb,student_40,31,0.36289393708538675
linucb,student_40,32,0.36305315206404254
linucb,student_40,33,0.36310054126677094
linucb,student_40,34,0.3631231000057304
linucb,student_40,35,0.3902703090193167
linucb,student_40,36,0.39027351223800905
linucb,student_40,37,0.3902739672175169
linucb,student_40,38,0.41280216554784926
linucb,student_40,39,0.4126502572847884
linucb,student_40,40,0.4245137039796461
linucb,student_41,1,0.11714676121849588
linucb,student_41,2,0.11587401293654999
linucb,student_41,3,0.11568948341514429
linucb,student_41,4,0.115663194754785
linucb,student_41,5,0.11565945901017159
linucb,student_41,6,0.11565892833314251
linucb,student_41,7,0.1339398405521007
linucb,student_41,8,0.11898000415685149
linucb,student_41,9,0.11615006259219662
linucb,student_41,10,0.11572902772091481
linucb,student_41,11,0.11566881860793839
linucb,student_41,12,0.11566025798957903
linucb,student_41,13,0.1156590418272928
linucb,student_41,14,0.11565886907363114
linucb,student_41,15,0.1156588445346914
linucb,student_41,16,0.13925827020231765
linucb,student_41,17,0.12032492838170977
linucb,student_41,18,0.11636071378539604
linucb,student_41,19,0.1157593803697104
linucb,student_41,20,0.115673138860115
linucb,student_41,21,0.11566087183956042
linucb,student_41,22,0.11565912902548071
linucb,student_41,23,0.1392587458161647
linucb,student_41,24,0.1203250592798259
linucb,student_41,25,0.14188884003460592
linucb,student_41,26,0.12108198183408918
linucb,student_41,27,0.11648246830980259
linucb,student_41,28,0.13745930858655017
linucb,student_41,29,0.11984418694123966
linucb,student_41,30,0.1162845995676204
linucb,student_41,31,0.11574839536369387
linucb,student_41,32,0.11567157494471082
linucb,student_41,33,0.1156606496208148
linucb,student_41,34,0.1156590974588715
linucb,student_41,35,0.11565887697588723
linucb,student_41,36,0.11565884565717183
linucb,student_41,37,0.14096731527761716
linucb,student_41,38,0.12080902789362051
linucb,student_41,39,0.11643829981950495
linucb,student_41,40,0.11577059852016197
linucb,student_42,1,0.14205826512548733
linucb,student_42,2,0.14168610515664654
linucb,student_42,3,0.14163292692096147
linucb,student_42,4,0.14162536680812152
linucb,student_42,5,0.14162429279949248
linucb,student_42,6,0.14162414023884617
linucb,student_42,7,0.14162411856824733
linucb,student_42,8,0.1416241154900362
linucb,student_42,9,0.16522353877062604
linucb,student_42,10,0.1922383657637068
linucb,student_42,11,0.20833289890249254
linucb,student_42,12,0.21025451273968318
linucb,student_42,13,0.21051941873196214
linucb,student_42,14,0.22794780250064187
linucb,student_42,15,0.21367880617948568
linucb,student_42,16,0.21102275171795679
linucb,student_42,17,0.21062874287465402
linucb,student_42,18,0.23119811926627312
linucb,student_42,19,0.25995753505857977
linucb,student_42,20,0.22764946983065373
linucb,student_42,21,0.21361164658401266
linucb,student_42,22,0.2193817597732275
linucb,student_42,23,0.2119630495119946
linucb,student_42,24,0.2107653259859241
linucb,student_42,25,0.21059188612580793
linucb,student_42,26,0.21056718170144526
linucb,student_42,27,0.2311021878394484
linucb,student_42,28,0.2144276612000113
linucb,student_42,29,0.2111385709218874
linucb,student_42,30,0.21064539956790276
linucb,student_42,31,0.21057479313051464
linucb,student_42,32,0.23773702237272584
linucb,student_42,33,0.257505598760787
linucb,student_42,34,0.27610359299334125
linucb,student_42,35,0.29530812754279173
linucb,student_42,36,0.32667353863872284
linucb,student_42,37,0.3093521213503778
linucb,student_42,38,0.3058785324853611
linucb,student_42,39,0.3231601011531245
linucb,student_42,40,0.30849995810723346
linucb,student_43,1,0.1192132003740125
linucb,student_43,2,0.13650185239991305
linucb,student_43,3,0.16593961797365928
linucb,student_43,4,0.18549363495871887
linucb,student_43,5,0.20368580561848645
linucb,student_43,6,0.19016754295025753
linucb,student_43,7,0.20962897718267318
linucb,student_43,8,0.23799132356046673
linucb,student_43,9,0.25343894618476154
linucb,student_43,10,0.2591533066178381
linucb,student_43,11,0.2639974699782727
linucb,student_43,12,0.2647423674253214
linucb,student_43,13,0.2653817681146088
linucb,student_43,14,0.29244065373115646
linucb,student_43,15,0.3079152130077745
linucb,student_43,16,0.29521892972373676
linucb,student_43,17,0.2929377021716032
linucb,student_43,18,0.2926014128384199
linucb,student_43,19,0.31979754594731397
linucb,student_43,20,0.2984990772238904
linucb,student_43,21,0.31931645654824703
linucb,student_43,22,0.29835192155315265
linucb,student_43,23,0.3196464805735412
linucb,student_43,24,0.29845260190482287
linucb,student_43,25,0.29371163868067407
linucb,student_43,26,0.3132744389267648
linucb,student_43,27,0.34372265757173487
linucb,student_43,28,0.37340369084647934
linucb,student_43,29,0.3893256187760647
linucb,student_43,30,0.3960307276856257
linucb,student_43,31,0.411858982823927
linucb,student_43,32,0.4142168828328476
linucb,student_43,33,0.41507878645533314
linucb,student_43,34,0.44193644369043544
linucb,student_43,35,0.44205722301547895
linucb,student_43,36,0.44207434633092624
linucb,student_43,37,0.4692254058534824
linucb,student_43,38,0.46753185796341423
linucb,student_43,39,0.46728462015691274
linucb,student_43,40,0.4672493626212526
linucb,student_44,1,0.1404847025623349
linucb,student_44,2,0.14167459982493194
linucb,student_44,3,0.1418404925470362
linucb,student_44,4,0.14186399495282356
linucb,student_44,5,0.14186733211709768
linucb,student_44,6,0.1690201460500762
linucb,student_44,7,0.14757308803189978
linucb,student_44,8,0.172224997327626
linucb,student_44,9,0.19263064016315756
linucb,student_44,10,0.16015465061892345
linucb,student_44,11,0.1810988810025104
linucb,student_44,12,0.15234458041246243
linucb,student_44,13,0.1435686586254166
linucb,student_44,14,0.1421144759770387
linucb,student_44,15,0.1419030151464299
linucb,student_44,16,0.14187287682519253
linucb,student_44,17,0.141868593763297
linucb,student_44,18,0.1418679853324332
linucb,student_44,19,0.1418678989067594
linucb,student_44,20,0.1654673314579348
linucb,student_44,21,0.14653397722200398
linucb,student_44,22,0.14256975866224594
linucb,student_44,23,0.14196842460409007
linucb,student_44,24,0.1418821830014624
linucb,student_44,25,0.14186991596765672
linucb,student_44,26,0.14186817315169406
linucb,student_44,27,0.1418679255857556
linucb,student_44,28,0.14186789042000109
linucb,student_44,29,0.1418678854248627
linucb,student_44,30,0.14186788471532594
linucb,student_44,31,0.14186788461453947
linucb,student_44,32,0.14186788460022323
linucb,student_44,33,0.14186788459818966
linucb,student_44,34,0.1418678845979008
linucb,student_44,35,0.15851520965304264
linucb,student_44,36,0.14481868794868016
linucb,student_44,37,0.17193601591747368
linucb,student_44,38,0.19688948478538404
linucb,student_44,39,0.20985348375436963
linucb,student_44,40,0.2126220650658167
linucb,student_45,1,0.1239519050693448
linucb,student_45,2,0.12514897693384033
linucb,student_45,3,0.1446485985376008
linucb,student_45,4,0.173663849281824
linucb,student_45,5,0.18786333826688892
linucb,student_45,6,0.20959227008309048
linucb,student_45,7,0.19106507501413386
linucb,student_45,8,0.2120619359621995
linucb,student_45,9,0.1917606014993765
linucb,student_45,10,0.18734026713695395
linucb,student_45,11,0.18666440175660656
linucb,student_45,12,0.18656735474870026
linucb,student_45,13,0.1865535483768104
linucb,student_45,14,0.18655158681428832
linucb,student_45,15,0.18655130817456722
linucb,student_45,16,0.18655126859488622
linucb,student_45,17,0.20960861933427855
linucb,student_45,18,0.2377914975519635
linucb,student_45,19,0.253449324285913
linucb,student_45,20,0.2632580118876822
linucb,student_45,21,0.26446661291920276
linucb,student_45,22,0.2646350644242835
linucb,student_45,23,0.28992339627927605
linucb,student_45,24,0.2873676552635351
linucb,student_45,25,0.28698916519910184
linucb,student_45,26,0.2869350769710816
linucb,student_45,27,0.30358581748930785
linucb,student_45,28,0.28987965591720855
linucb,student_45,29,0.28736097632954977
linucb,student_45,30,0.31124606083531675
linucb,student_45,31,0.34209064845888437
linucb,student_45,32,0.35824152513185176
linucb,student_45,33,0.3803994335260907
linucb,student_45,34,0.375822193862704
linucb,student_45,35,0.37512041069614505
linucb,student_45,36,0.3750196000876311
linucb,student_45,37,0.37500525742883545
linucb,student_45,38,0.37500321965512545
linucb,student_45,39,0.40215671768135897
linucb,student_45,40,0.3961159474646558
linucb,student_46,1,0.08573470924798134
linucb,student_46,2,0.08693820680634758
linucb,student_46,3,0.08710596027381064
linucb,student_46,4,0.08712972559572459
linucb,student_46,5,0.08713310007802026
linucb,student_46,6,0.08713357938220317
linucb,student_46,7,0.08713364746466541
linucb,student_46,8,0.10499303105602513
linucb,student_46,9,0.13596019681261387
linucb,student_46,10,0.14989739577727665
linucb,student_46,11,0.15721009294500757
linucb,student_46,12,0.15814217852414447
linucb,student_46,13,0.15827264961412185
linucb,student_46,14,0.15829114412582365
linucb,student_46,15,0.15829377041572157
linucb,student_46,16,0.1582941434527036
linucb,student_46,17,0.17615350475354322
linucb,student_46,18,0.16151801091182807
linucb,student_46,19,0.15877045137919638
linucb,student_46,20,0.18106933476012774
linucb,student_46,21,0.16273649546432595
linucb,student_46,22,0.1945768483141045
linucb,student_46,23,0.21870841993544332
linucb,student_46,24,0.2241973425181474
linucb,student_46,25,0.22688377590152195
linucb,student_46,26,0.2276015923550848
linucb,student_46,27,0.22796766068032717
linucb,student_46,28,0.2531906639179687
linucb,student_46,29,0.25324236193012867
linucb,student_46,30,0.2532496993736577
linucb,student_46,31,0.28040200420336037
linucb,student_46,32,0.26038770532438454
linucb,student_46,33,0.25606643855498473
linucb,student_46,34,0.25540686323073153
linucb,student_46,35,0.2553121801411521
linucb,student_46,36,0.2552987105783259
linucb,student_46,37,0.25529679687873424
linucb,student_46,38,0.25529652503814326
linucb,student_46,39,0.25529648642425623
linucb,student_46,40,0.2552964809393257
linucb,student_47,1,0.09398910361077939
linucb,student_47,2,0.11454430443697156
linucb,student_47,3,0.09782750465844536
linucb,student_47,4,0.0945265577583367
linucb,student_47,5,0.09403150855259453
linucb,student_47,6,0.09396063113104247
linucb,student_47,7,0.09395055196722536
linucb,student_47,8,0.10307300683727773
linucb,student_47,9,0.13037866984414584
linucb,student_47,10,0.15443287289645793
linucb,student_47,11,0.1602033208507501
linucb,student_47,12,0.160954929167306
linucb,student_47,13,0.1610604343821634
linucb,student_47,14,0.16107539585331024
linucb,student_47,15,0.16107752055740535
linucb,student_47,16,0.16107782235177998
linucb,student_47,17,0.1802295636839406
linucb,student_47,18,0.16460407041563832
linucb,student_47,19,0.1939513558240643
linucb,student_47,20,0.21859702243134105
linucb,student_47,21,0.2297331541699662
linucb,student_47,22,0.23286707451993746
linucb,student_47,23,0.23529851812539185
linucb,student_47,24,0.23572270718866717
linucb,student_47,25,0.23605530717514278
linucb,student_47,26,0.23611515845880607
linucb,student_47,27,0.23616215470154142
linucb,student_47,28,0.2562188018989372
linucb,student_47,29,0.27136021132155264
linucb,student_47,30,0.25884994750877893
linucb,student_47,31,0.256611255754205
linucb,student_47,32,0.25628147066515417
linucb,student_47,33,0.256234379344455
linucb,student_47,34,0.2763005980685947
linucb,student_47,35,0.3085049638131839
linucb,student_47,36,0.3346532072443206
linucb,student_47,37,0.35372992140300624
linucb,student_47,38,0.36213556316578144
linucb,student_47,39,0.3854574362785645
linucb,student_47,40,0.3870851990451609
linucb,student_48,1,0.1170433742152241
linucb,student_48,2,0.11751309966777855
linucb,student_48,3,0.11757932846092702
linucb,student_48,4,0.11758872607615066
linucb,student_48,5,0.11759006076546535
linucb,student_48,6,0.11759025034799686
linucb,student_48,7,0.11759027727725264
linucb,student_48,8,0.11759028110242938
linucb,student_48,9,0.11759028164577832
linucb,student_48,10,0.11759028172295856
linucb,student_48,11,0.11759028173392168
linucb,student_48,12,0.11759028173547893
linucb,student_48,13,0.1428987476079122
linucb,student_48,14,0.17042909018991428
linucb,student_48,15,0.184959494555886
linucb,student_48,16,0.1881591561609256
linucb,student_48,17,0.2057914213904287
linucb,student_48,18,0.19172094833552233
linucb,student_48,19,0.18911377704597654
linucb,student_48,20,0.2166044807297373
linucb,student_48,21,0.23429322174300485
linucb,student_48,22,0.20289103284044321
linucb,student_48,23,0.19109725032003577
linucb,student_48,24,0.1890190780262171
linucb,student_48,25,0.1887137551150064
linucb,student_48,26,0.18867017389249832
linucb,student_48,27,0.21398385662649247
linucb,student_48,28,0.2400356697415353
linucb,student_48,29,0.2556007229034386
linucb,student_48,30,0.26502258148988195
linucb,student_48,31,0.2661895205573453
linucb,student_48,32,0.26635227044210885
linucb,student_48,33,0.26637532874196884
linucb,student_48,34,0.2663786028696358
linucb,student_48,35,0.29168667694548495
linucb,student_48,36,0.30839427584188966
linucb,student_48,37,0.2893892124739533
linucb,student_48,38,0.28540205106487376
linucb,student_48,39,0.2847969965011225
linucb,student_48,40,0.2847102161221133
linucb,student_49,1,0.08924758996266606
linucb,student_49,2,0.08279718047968548
linucb,student_49,3,0.08177437113481344
linucb,student_49,4,0.08162668072223839
linucb,student_49,5,0.08160565262739716
linucb,student_49,6,0.08160266468413363
linucb,student_49,7,0.08160224024023173
linucb,student_49,8,0.08160217994949832
linucb,student_49,9,0.0816021713854655
linucb,student_49,10,0.0816021701689834
linucb,student_49,11,0.08160216999618763
linucb,student_49,12,0.08160216997164278
linucb,student_49,13,0.0816021699681563
linucb,student_49,14,0.08160216996766106
linucb,student_49,15,0.08160216996759072
linucb,student_49,16,0.08160216996758073
linucb,student_49,17,0.0816021699675793
linucb,student_49,18,0.08160216996757909
linucb,student_49,19,0.08160216996757907
linucb,student_49,20,0.08160216996757906
linucb,student_49,21,0.09864505935809825
linucb,student_49,22,0.08464098631842348
linucb,student_49,23,0.1137421174494569
linucb,student_49,24,0.14114136726620227
linucb,student_49,25,0.15371014397784014
linucb,student_49,26,0.15057724044706258
linucb,student_49,27,0.15010873470991706
linucb,student_49,28,0.17376045676513532
linucb,student_49,29,0.15473264227190778
linucb,student_49,30,0.1677396230037911
linucb,student_49,31,0.15321999097311906
linucb,student_49,32,0.15050153842116656
linucb,student_49,33,0.1673250185193049
linucb,student_49,34,0.15312590532103898
linucb,student_49,35,0.16634548042565336
linucb,student_49,36,0.15290821146440503
linucb,student_49,37,0.1504538625507584
linucb,student_49,38,0.15009100483066448
linucb,student_49,39,0.1500391635188118
linucb,student_49,40,0.15003179362713936
random,student_0,1,0.06904512333776835
random,student_0,2,0.06964036695978017
random,student_0,3,0.089649363644326
random,student_0,4,0.12021360960900605
random,student_0,5,0.13522631997731668
random,student_0,6,0.14476907960473712
random,student_0,7,0.1459490853182716
random,student_0,8,0.1461136242211433
random,student_0,9,0.14613693532777625
random,student_0,10,0.14614024533906614
random,student_0,11,0.1461407154864079
random,student_0,12,0.16318357363816136
random,student_0,13,0.1908016996161007
random,student_0,14,0.21013724908775858
random,student_0,15,0.21437442997878642
random,student_0,16,0.21595665242253723
random,student_0,17,0.21652089591929727
random,student_0,18,0.21674015298917368
random,student_0,19,0.2168195902326258
random,student_0,20,0.21685062667564214
random,student_0,21,0.2168618961590887
random,student_0,22,0.21686630257278391
random,student_0,23,0.2168679030652172
random,student_0,24,0.23887911460032604
random,student_0,25,0.2388793419372223
random,student_0,26,0.2388793742292785
random,student_0,27,0.2388793788162159
random,student_0,28,0.2559222679019564
random,student_0,29,0.24191819568829864
random,student_0,30,0.23932726945212224
random,student_0,31,0.2389433421215702
random,student_0,32,0.23888847210387454
random,student_0,33,0.23888067126808446
random,student_0,34,0.23887956305751049
random,student_0,35,0.23887940563846496
random,student_0,36,0.23887938327774919
random,student_0,37,0.23887938010151002
random,student_0,38,0.251979438033813
random,student_0,39,0.24108492696746708
random,student_0,40,0.26600506827660053
random,student_1,1,0.10781039141491688
random,student_1,2,0.10888842849821112
random,student_1,3,0.10903898714516273
random,student_1,4,0.10906032231575673
random,student_1,5,0.10906335185321923
random,student_1,6,0.10906378216453984
random,student_1,7,0.13621696606026765
random,student_1,8,0.11476932141209066
random,student_1,9,0.10993349119338668
random,student_1,10,0.1091886767137591
random,student_1,11,0.13843930268293542
random,student_1,12,0.16275324328872867
random,student_1,13,0.1761959120060026
random,student_1,14,0.16870737476279643
random,student_1,15,0.1674967859465045
random,student_1,16,0.1673214463558406
random,student_1,17,0.16729647058139974
random,student_1,18,0.1831781604760132
random,student_1,19,0.17007659017281848
random,student_1,20,0.19095743576903113
random,student_1,21,0.17197651560293403
random,student_1,22,0.1679970899581544
random,student_1,23,0.16739329019116336
random,student_1,24,0.16730669152985
random,student_1,25,0.16729437363792046
random,student_1,26,0.16729262359497069
random,student_1,27,0.1672923750024146
random,student_1,28,0.16729233969083257
random,student_1,29,0.16729233467498003
random,student_1,30,0.1672923339625009
random,student_1,31,0.1672923338612965
random,student_1,32,0.19444557253792727
random,student_1,33,0.17299784102570018
random,student_1,34,0.16816197803788369
random,student_1,35,0.16741715808001734
random,student_1,36,0.1673100910069714
random,student_1,37,0.18517731343766627
random,student_1,38,0.20508075841945217
random,student_1,39,0.1770674631830863
random,student_1,40,0.1936360409323399
random,student_2,1,0.07260600553390827
random,student_2,2,0.07280481907013585
random,student_2,3,0.07283297077499738
random,student_2,4,0.07283696780964623
random,student_2,5,0.07283753553420873
random,student_2,6,0.07283761617617511
random,student_2,7,0.07283762763098521
random,student_2,8,0.07283762925808862
random,student_2,9,0.08692992772974989
random,student_2,10,0.11646855444755562
random,student_2,11,0.13723115061422772
random,student_2,12,0.1436328609988195
random,student_2,13,0.1444592763149791
random,student_2,14,0.14457514681755237
random,student_2,15,0.14459157546946352
random,student_2,16,0.16512276699314093
random,student_2,17,0.14845621813602886
random,student_2,18,0.14516936237170425
random,student_2,19,0.14467654483428224
random,student_2,20,0.14460598945270717
random,student_2,21,0.16562706640899114
random,student_2,22,0.1485828753766166
random,student_2,23,0.14518916495373438
random,student_2,24,0.14467939738222407
random,student_2,25,0.14460639545448523
random,student_2,26,0.1624711237179952
random,student_2,27,0.18237489300011256
random,student_2,28,0.19344318703251248
random,student_2,29,0.21075410872129066
random,student_2,30,0.2178820875034867
random,student_2,31,0.241181943382629
random,student_2,32,0.2585526370291662
random,student_2,33,0.24511826020790162
random,student_2,34,0.24266459876146182
random,student_2,35,0.24230184685090425
random,student_2,36,0.24225002074375954
random,student_2,37,0.2422426530154079
random,student_2,38,0.2713942176885465
random,student_2,39,0.25563734803232446
random,student_2,40,0.27733466828465875
random,student_3,1,0.09661209704576028
random,student_3,2,0.09666750007471499
random,student_3,3,0.09667536290511025
random,student_3,4,0.10977518458799851
random,student_3,5,0.12409214608771625
random,student_3,6,0.1537034833429559
random,student_3,7,0.16481861141573848
random,student_3,8,0.16226932572331457
random,student_3,9,0.17908156926370547
random,student_3,10,0.164914854447911
random,student_3,11,0.1622840442611174
random,student_3,12,0.16189394573626026
random,student_3,13,0.1618381882369938
random,student_3,14,0.16183026111664497
random,student_3,15,0.16182913496344145
random,student_3,16,0.1618289749956365
random,student_3,17,0.1707025233263256
random,student_3,18,0.19735523192845936
random,student_3,19,0.22188015335915154
random,student_3,20,0.2352861929097084
random,student_3,21,0.254226457768423
random,student_3,22,0.25077029667774803
random,student_3,23,0.2502505938073459
random,student_3,24,0.2501761572116577
random,student_3,25,0.25016557131417905
random,student_3,26,0.250164067382693
random,student_3,27,0.25016385375095845
random,student_3,28,0.25016382340543863
random,student_3,29,0.25016381909499347
random,student_3,30,0.25016381848271424
random,student_3,31,0.2501638183957427
random,student_3,32,0.2501638183833888
random,student_3,33,0.250163818381634
random,student_3,34,0.2693155847617834
random,student_3,35,0.2562533106573004
random,student_3,36,0.25388732215177806
random,student_3,37,0.27323973031024446
random,student_3,38,0.25761417993048824
random,student_3,39,0.28035426023030413
random,student_3,40,0.30763827701805463
random,student_4,1,0.11511149226577977
random,student_4,2,0.14135891703985715
random,student_4,3,0.16647186805973332
random,student_4,4,0.18223019308712488
random,student_4,5,0.1720297281903704
random,student_4,6,0.18619925377701138
random,student_4,7,0.1728481343897292
random,student_4,8,0.17041422314267166
random,student_4,9,0.17005450998173768
random,student_4,10,0.1700031205174105
random,student_4,11,0.16999581491400714
random,student_4,12,0.16999477706582422
random,student_4,13,0.16999462964177722
random,student_4,14,0.1699946087008124
random,student_4,15,0.19100891584251797
random,student_4,16,0.1739785134273724
random,student_4,17,0.17058874382110098
random,student_4,18,0.17007960247798512
random,student_4,19,0.17000669096295865
random,student_4,20,0.16999632220425628
random,student_4,21,0.16999484912661464
random,student_4,22,0.18443085918228427
random,student_4,23,0.17247193067046543
random,student_4,24,0.20126812754403367
random,student_4,25,0.17708124727735974
random,student_4,26,0.20579663102506382
random,student_4,27,0.2312513238988538
random,student_4,28,0.24118731219686199
random,student_4,29,0.24240953166905563
random,student_4,30,0.24257984532426555
random,student_4,31,0.26042680454317635
random,student_4,32,0.25371345846455107
random,student_4,33,0.25264378506552554
random,student_4,34,0.2524892100930097
random,student_4,35,0.25246719936347867
random,student_4,36,0.2760690709270501
random,student_4,37,0.2614647617710374
random,student_4,38,0.2846173285660278
random,student_4,39,0.26567957494812294
random,student_4,40,0.28997204671766225
random,student_5,1,0.11035378999596746
random,student_5,2,0.11103857386924036
random,student_5,3,0.11113479936261021
random,student_5,4,0.13072830728990234
random,student_5,5,0.1569472339459553
random,student_5,6,0.17630490072582064
random,student_5,7,0.17262581428473656
random,student_5,8,0.1720704706590576
random,student_5,9,0.17199088372699645
random,student_5,10,0.18643026859519937
random,student_5,11,0.1744584006162
random,student_5,12,0.1723408119013227
random,student_5,13,0.17202949431821435
random,student_5,14,0.18909313044334655
random,student_5,15,0.22017660131529124
random,student_5,16,0.23443873912714008
random,student_5,17,0.24198939683565432
random,student_5,18,0.24765602433376863
random,student_5,19,0.2721073467562557
random,student_5,20,0.27284652459997166
random,student_5,21,0.2729503050970164
random,student_5,22,0.2729650223918688
random,student_5,23,0.272967112428174
random,student_5,24,0.27296740929847624
random,student_5,25,0.27296745146735446
random,student_5,26,0.29827591229374145
random,student_5,27,0.3217752461065238
random,student_5,28,0.3016169735726318
random,student_5,29,0.32229690033892516
random,student_5,30,0.3511145140883924
random,student_5,31,0.3193590705916657
random,student_5,32,0.30689144566276266
random,student_5,33,0.3046624529572514
random,student_5,34,0.3043341496743472
random,student_5,35,0.32100226033426044
random,student_5,36,0.30724701054847314
random,student_5,37,0.3047164976080489
random,student_5,38,0.315724669191039
random,student_5,39,0.34518750834145445
random,student_5,40,0.3667641917777725
random,student_6,1,0.08972041388244571
random,student_6,2,0.10756206217477939
random,student_6,3,0.1314275354293724
random,student_6,4,0.13954604638061685
random,student_6,5,0.1431686028745229
random,student_6,6,0.14365538216856297
random,student_6,7,0.1437239970551714
random,student_6,8,0.16902425597516105
random,student_6,9,0.1488798304960507
random,student_6,10,0.14451388454407452
random,student_6,11,0.14384696951782774
random,student_6,12,0.14375122148707864
random,student_6,13,0.14373760019548168
random,student_6,14,0.14373566493423082
random,student_6,15,0.14373539003071695
random,student_6,16,0.14373535098175186
random,student_6,17,0.17288593535538319
random,student_6,18,0.1500843678959586
random,student_6,19,0.14471111424755873
random,student_6,20,0.14387558090279712
random,student_6,21,0.14375529784530328
random,student_6,22,0.1437381794712648
random,student_6,23,0.1437357472227209
random,student_6,24,0.16244750368714309
random,student_6,25,0.14715735400790705
random,student_6,26,0.17645343369773434
random,student_6,27,0.2011677190708068
random,student_6,28,0.21199524897677846
random,student_6,29,0.21791611442993622
random,student_6,30,0.21868566800547984
random,student_6,31,0.21879366192942484
random,student_6,32,0.24593316516378316
random,student_6,33,0.24239002752327607
random,student_6,34,0.24185645177067727
random,student_6,35,0.24178001114894443
random,student_6,36,0.2417691399051183
random,student_6,37,0.24176759542766327
random,student_6,38,0.24176737603627932
random,student_6,39,0.24176734487262186
random,student_6,40,0.25962673571836153
random,student_7,1,0.0953417925989205
random,student_7,2,0.09643273846986672
random,student_7,3,0.09658506939936552
random,student_7,4,0.12187532596701782
random,student_7,5,0.10174777879165003
random,student_7,6,0.09738764966115641
random,student_7,7,0.12039142058519625
random,student_7,8,0.13925007087230226
random,student_7,9,0.15980980841667544
random,student_7,10,0.17410951056747617
random,student_7,11,0.20725963791054158
random,student_7,12,0.22491562353241967
random,student_7,13,0.2304295343179316
random,student_7,14,0.24463959909195884
random,student_7,15,0.264414904291667
random,student_7,16,0.29215096242910393
random,student_7,17,0.2732153756541276
random,student_7,18,0.26925044433367307
random,student_7,19,0.26864899473629694
random,student_7,20,0.26856273640309664
random,student_7,21,0.2685504669862628
random,student_7,22,0.2685487238316698
random,student_7,23,0.29107715353306696
random,student_7,24,0.2729249936781172
random,student_7,25,0.26920435793789704
random,student_7,26,0.2686423410016772
random,student_7,27,0.26856178907349965
random,student_7,28,0.26855033237798587
random,student_7,29,0.26854870471027953
random,student_7,30,0.2685484735015031
random,student_7,31,0.2685484406592268
random,student_7,32,0.2685484359941283
random,student_7,33,0.2685484353314722
random,student_7,34,0.2848083061535702
random,student_7,35,0.31481719743200504
random,student_7,36,0.331476977993578
random,student_7,37,0.3498116568130158
random,student_7,38,0.35725366464259833
random,student_7,39,0.36374728338192663
random,student_7,40,0.36723031182384164
random,student_8,1,0.09191939555404216
random,student_8,2,0.09133579142315686
random,student_8,3,0.09125211645215452
random,student_8,4,0.09124021498289347
random,student_8,5,0.091238524113652
random,student_8,6,0.09123828392691162
random,student_8,7,0.09123824980934675
random,student_8,8,0.09123824496309912
random,student_8,9,0.09123824427471162
random,student_8,10,0.09123824417692931
random,student_8,11,0.09123824416303977
random,student_8,12,0.09123824416106684
random,student_8,13,0.09123824416078657
random,student_8,14,0.09123824416074677
random,student_8,15,0.09123824416074111
random,student_8,16,0.09123824416074032
random,student_8,17,0.10788556921586395
random,student_8,18,0.09418904751155278
random,student_8,19,0.12130637548033886
random,student_8,20,0.1471342847977393
random,student_8,21,0.15904597696679107
random,student_8,22,0.16503523159419162
random,student_8,23,0.19145489945749725
random,student_8,24,0.17115063315890963
random,student_8,25,0.19395961360960604
random,student_8,26,0.22057024307558581
random,student_8,27,0.232891700365488
random,student_8,28,0.2471454045908792
random,student_8,29,0.2523766888381579
random,student_8,30,0.2530633438188234
random,student_8,31,0.2531598294114869
random,student_8,32,0.2531735137852944
random,student_8,33,0.2531754571660203
random,student_8,34,0.2531757332058986
random,student_8,35,0.2531757724159367
random,student_8,36,0.25317577798554086
random,student_8,37,0.2531757787766778
random,student_8,38,0.2784842445546242
random,student_8,39,0.2742584246351884
random,student_8,40,0.2736144901824393
random,student_9,1,0.08042432724889004
random,student_9,2,0.10373693391229782
random,student_9,3,0.12900315390280961
random,student_9,4,0.1436595188781508
random,student_9,5,0.14704716363939307
random,student_9,6,0.14750396537661775
random,student_9,7,0.1475683850921659
random,student_9,8,0.14757752626842116
random,student_9,9,0.14757882454246882
random,student_9,10,0.1475790089525935
random,student_9,11,0.14757903514713674
random,student_9,12,0.147579038867951
random,student_9,13,0.14757903939647574
random,student_9,14,0.14757903947155027
random,student_9,15,0.14757903948221426
random,student_9,16,0.16959070128870468
random,student_9,17,0.1518193737676002
random,student_9,18,0.1748369370698214
random,student_9,19,0.2045155119469747
random,student_9,20,0.17280189712037308
random,student_9,21,0.20183409288663232
random,student_9,22,0.21535160331714212
random,student_9,23,0.22124229335837717
random,student_9,24,0.2247216104108091
random,student_9,25,0.23489074983741642
random,student_9,26,0.23535927474187243
random,student_9,27,0.23542533551178024
random,student_9,28,0.23543470931012334
random,student_9,29,0.23543604061736678
random,student_9,30,0.2574475663809606
random,student_9,31,0.24965158901038806
random,student_9,32,0.24838394061722355
random,student_9,33,0.2482001657896343
random,student_9,34,0.24817398496035825
random,student_9,35,0.2481702645454337
random,student_9,36,0.24816973604617512
random,student_9,37,0.24816966097462756
random,student_9,38,0.24816965031104277
random,student_9,39,0.24816964879632875
random,student_9,40,0.24816964858117052
random,student_10,1,0.0629208839017275
random,student_10,2,0.06390029891143967
random,student_10,3,0.06403729401301002
random,student_10,4,0.06405671130847661
random,student_10,5,0.06405946859672729
random,student_10,6,0.08711651652019031
random,student_10,7,0.1106669145156506
random,student_10,8,0.07897410019408141
random,student_10,9,0.06663701783234911
random,student_10,10,0.09355907965000308
random,student_10,11,0.1173816160530748
random,student_10,12,0.13056425474054065
random,student_10,13,0.13950437208052818
random,student_10,14,0.14061883020026608
random,student_10,15,0.14077438736879397
random,student_10,16,0.14079642911893553
random,student_10,17,0.14079955895370502
random,student_10,18,0.14080000351040858
random,student_10,19,0.14080006665722175
random,student_10,20,0.1408000756269305
random,student_10,21,0.14080007690103669
random,student_10,22,0.14080007708201767
random,student_10,23,0.1408000771077252
random,student_10,24,0.14080007711137685
random,student_10,25,0.16995065626146755
random,student_10,26,0.19747124913012795
random,student_10,27,0.20923206648677817
random,student_10,28,0.22078428423017202
random,student_10,29,0.23316585387584246
random,student_10,30,0.2320472285503715
random,student_10,31,0.23188545107158784
random,student_10,32,0.2318624120959709
random,student_10,33,0.24972348505606431
random,student_10,34,0.24222511193605187
random,student_10,35,0.24101270812033884
random,student_10,36,0.24083710045669163
random,student_10,37,0.24081208639043108
random,student_10,38,0.24080853184374407
random,student_10,39,0.2408080269080373
random,student_10,40,0.24080795518364015
random,student_11,1,0.13824035150991623
random,student_11,2,0.1388305138416449
random,student_11,3,0.138913566280883
random,student_11,4,0.16421209935977635
random,student_11,5,0.14407058678042434
random,student_11,6,0.1397056451728208
random,student_11,7,0.1638073402180411
random,student_11,8,0.18200872889738287
random,student_11,9,0.1958425334250871
random,student_11,10,0.20742397629909945
random,student_11,11,0.20945109689307637
random,student_11,12,0.20973009779238516
random,student_11,13,0.20976955387188848
random,student_11,14,0.20977515491894047
random,student_11,15,0.20977595045144518
random,student_11,16,0.20977606345179367
random,student_11,17,0.2097760795029507
random,student_11,18,0.20977608178294405
random,student_11,19,0.20977608210680673
random,student_11,20,0.2350845479406706
random,student_11,21,0.25669666548157116
random,student_11,22,0.27461912489655893
random,student_11,23,0.2813738608110699
random,student_11,24,0.2831150898292222
random,student_11,25,0.2989957184035365
random,student_11,26,0.29923642117149124
random,student_11,27,0.2992704817630258
random,student_11,28,0.3184194220950655
random,student_11,29,0.30611622275763356
random,student_11,30,0.3039244560850902
random,student_11,31,0.3277718309930122
random,student_11,32,0.3585005143394722
random,student_11,33,0.38786937589396997
random,student_11,34,0.4012576925757767
random,student_11,35,0.4094892283544267
random,student_11,36,0.41591050761477016
random,student_11,37,0.41694654140534076
random,student_11,38,0.43517447854570146
random,student_11,39,0.4621967330652547
random,student_11,40,0.4932583284411219
random,student_12,1,0.089903916380417
random,student_12,2,0.0907242727820084
random,student_12,3,0.0908393046590052
random,student_12,4,0.09085561462346098
random,student_12,5,0.09085793077980463
random,student_12,6,0.09085825976718288
random,student_12,7,0.0908583064981004
random,student_12,8,0.0908583131360099
random,student_12,9,0.09085831407889466
random,student_12,10,0.1144577369122257
random,student_12,11,0.09552440020361443
random,student_12,12,0.1077626433158657
random,student_12,13,0.13202240883403435
random,student_12,14,0.1023495514976816
random,student_12,15,0.09274995810732578
random,student_12,16,0.0911332184430435
random,student_12,17,0.09089749163425181
random,student_12,18,0.09086388180909068
random,student_12,19,0.09085910513613421
random,student_12,20,0.0908584265799725
random,student_12,21,0.10636677743462473
random,student_12,22,0.09356141372206143
random,student_12,23,0.09125507387601817
random,student_12,24,0.1120059971411475
random,student_12,25,0.1385139254213387
random,student_12,26,0.15527729161210485
random,student_12,27,0.1600619618571866
random,student_12,28,0.1606940539673787
random,student_12,29,0.16078294861680725
random,student_12,30,0.16079555789839103
random,student_12,31,0.16079734863090536
random,student_12,32,0.160797602989085
random,student_12,33,0.16079763911936223
random,student_12,34,0.17907850802941716
random,student_12,35,0.20002304787017408
random,student_12,36,0.17127153288196728
random,student_12,37,0.16249789817049773
random,student_12,38,0.1610441593837511
random,student_12,39,0.1608327646338256
random,student_12,40,0.16080263576245507
random,student_13,1,0.12485619473457316
random,student_13,2,0.10481922094711914
random,student_13,3,0.10049019617245258
random,student_13,4,0.09982934722785124
random,student_13,5,0.11651864599335023
random,student_13,6,0.10270337614445103
random,student_13,7,0.10015835668658445
random,student_13,8,0.12764088331640758
random,student_13,9,0.15009541174411306
random,student_13,10,0.11765685405165767
random,student_13,11,0.10296065348147575
random,student_13,12,0.10019777607977022
random,student_13,13,0.0997871833982027
random,student_13,14,0.0997284773673285
random,student_13,15,0.12226290571049818
random,student_13,16,0.14953574593254484
random,student_13,17,0.16558396246783982
random,student_13,18,0.17128703708146253
random,student_13,19,0.17203058289877873
random,student_13,20,0.1721349695248614
random,student_13,21,0.1895745144257948
random,student_13,22,0.1752764415921434
random,student_13,23,0.17261318762019276
random,student_13,24,0.17221806296614517
random,student_13,25,0.1721615825278023
random,student_13,26,0.17215355253390263
random,student_13,27,0.19746297938874038
random,student_13,28,0.177303075526159
random,student_13,29,0.20942737915522272
random,student_13,30,0.2330318711854723
random,student_13,31,0.23100675099293386
random,student_13,32,0.23070948411164763
random,student_13,33,0.23066705825438974
random,student_13,34,0.2306610277902498
random,student_13,35,0.2578150340154025
random,student_13,36,0.27617418642240305
random,student_13,37,0.30025842325090424
random,student_13,38,0.27497732174906736
random,student_13,39,0.2684484612412627
random,student_13,40,0.2674117177282996
random,student_14,1,0.06855629407659981
random,student_14,2,0.06923835727215376
random,student_14,3,0.06933420454181717
random,student_14,4,0.06934779852099844
random,student_14,5,0.06934972906713956
random,student_14,6,0.06935000328403558
random,student_14,7,0.06935004223512958
random,student_14,8,0.06935004776795202
random,student_14,9,0.06935004855386423
random,student_14,10,0.06935004866549947
random,student_14,11,0.06935004868135676
random,student_14,12,0.09350500764463272
random,student_14,13,0.11533415604645965
random,student_14,14,0.08382258860484931
random,student_14,15,0.07183490066704153
random,student_14,16,0.06971379526374111
random,student_14,17,0.06940194245943082
random,student_14,18,0.06935742452592997
random,student_14,19,0.06935109648101796
random,student_14,20,0.06935019752064914
random,student_14,21,0.0693500698255917
random,student_14,22,0.08599740294000703
random,student_14,23,0.11364753452343213
random,student_14,24,0.13185839266192964
random,student_14,25,0.13984063411597455
random,student_14,26,0.15461550690080947
random,student_14,27,0.14331948603645314
random,student_14,28,0.1413498503950037
random,student_14,29,0.1410609936947926
random,student_14,30,0.1410197736762434
random,student_14,31,0.1651794380421019
random,student_14,32,0.14583658198069557
random,student_14,33,0.1417399637873101
random,student_14,34,0.14111711804570082
random,student_14,35,0.14102776038568043
random,student_14,36,0.15889368597855177
random,student_14,37,0.1442416705262383
random,student_14,38,0.16479447274902106
random,student_14,39,0.1927791294389778
random,student_14,40,0.16024515088781047
random,student_15,1,0.16079452127940816
random,student_15,2,0.13596436955196797
random,student_15,3,0.12966570898463756
random,student_15,4,0.15400108870244558
random,student_15,5,0.17705455503132592
random,student_15,6,0.1932682989225378
random,student_15,7,0.19874517028128902
random,student_15,8,0.21879288706760666
random,student_15,9,0.2329682609852871
random,student_15,10,0.2597246113835942
random,student_15,11,0.26778551610822904
random,student_15,12,0.268802441314449
random,student_15,13,0.2689446001070344
random,student_15,14,0.26896474764162653
random,student_15,15,0.29256192995475067
random,student_15,16,0.2894760244001517
random,student_15,17,0.2890149149567062
random,student_15,18,0.2889489327054054
random,student_15,19,0.30810617864090983
random,student_15,20,0.2924681314426309
random,student_15,21,0.28946148623344375
random,student_15,22,0.3079786423306064
random,student_15,23,0.2924377386087738
random,student_15,24,0.2894567828241095
random,student_15,25,0.28901214698496897
random,student_15,26,0.28894853881793153
random,student_15,27,0.2889394944282921
random,student_15,28,0.2889382095292754
random,student_15,29,0.2889380270114857
random,student_15,30,0.3080898085398727
random,student_15,31,0.29246422362084096
random,student_15,32,0.2894608812833079
random,student_15,33,0.28901273645625597
random,student_15,34,0.2889486226985985
random,student_15,35,0.30996908105902016
random,student_15,36,0.2929261502516844
random,student_15,37,0.32053842706992575
random,student_15,38,0.3016091311389314
random,student_15,39,0.32533577409954934
random,student_15,40,0.3490560656393074
random,student_16,1,0.09792067172728658
random,student_16,2,0.0989987165225642
random,student_16,3,0.09914927622852672
random,student_16,4,0.11323558088199011
random,student_16,5,0.14277477052143836
random,student_16,6,0.11208310425753147
random,student_16,7,0.10134165882310826
random,student_16,8,0.0994902025533207
random,student_16,9,0.09921920748296302
random,student_16,10,0.09918054736180515
random,student_16,11,0.1143262218415199
random,student_16,12,0.10180141631243839
random,student_16,13,0.09955941244013296
random,student_16,14,0.09922912122045387
random,student_16,15,0.10885979580423484
random,student_16,16,0.10072971974835195
random,student_16,17,0.09939928413933409
random,student_16,18,0.09920620913012912
random,student_16,19,0.09917869930445115
random,student_16,20,0.09917478995052927
random,student_16,21,0.09917423461009234
random,student_16,22,0.09917415572581177
random,student_16,23,0.09917414452064423
random,student_16,24,0.12832472516998694
random,student_16,25,0.10552316326148552
random,student_16,26,0.10014991193353873
random,student_16,27,0.09931437898429459
random,student_16,28,0.09919409598450808
random,student_16,29,0.0991769776186981
random,student_16,30,0.11833016498388604
random,student_16,31,0.10270137443922145
random,student_16,32,0.09969718272057508
random,student_16,33,0.09924890470419429
random,student_16,34,0.11052801009689361
random,student_16,35,0.1297499285617498
random,student_16,36,0.156654608890091
random,student_16,37,0.1678193270563952
random,student_16,38,0.17549858866027043
random,student_16,39,0.17647245452932003
random,student_16,40,0.1766086852195793
random,student_17,1,0.14072205511014735
random,student_17,2,0.1688086858467381
random,student_17,3,0.18308708652358444
random,student_17,4,0.19257304997195276
random,student_17,5,0.19374692248516193
random,student_17,6,0.21891607857162235
random,student_17,7,0.19899215989293176
random,student_17,8,0.19470170176345233
random,student_17,9,0.1940471808064291
random,student_17,10,0.193953230924825
random,student_17,11,0.1939398658236949
random,student_17,12,0.19393796696873875
random,student_17,13,0.19393769723688856
random,student_17,14,0.19393765892254108
random,student_17,15,0.1939376534801589
random,student_17,16,0.1939376527070932
random,student_17,17,0.19393765259728268
random,student_17,18,0.19393765258168463
random,student_17,19,0.19393765257946902
random,student_17,20,0.1939376525791543
random,student_17,21,0.19393765257910958
random,student_17,22,0.19393765257910323
random,student_17,23,0.2175370755173102
random,student_17,24,0.240478406393554
random,student_17,25,0.2579153657892305
random,student_17,26,0.26173047052563564
random,student_17,27,0.26493376643749933
random,student_17,28,0.26544496334738416
random,student_17,29,0.2658780940043518
random,student_17,30,0.2783351458624392
random,student_17,31,0.2783962501641511
random,student_17,32,0.2784049213382322
random,student_17,33,0.29505169917057167
random,student_17,34,0.2847405466853757
random,student_17,35,0.2829788674498163
random,student_17,36,0.3005506777022276
random,student_17,37,0.2868557001165211
random,student_17,38,0.2843397126869189
random,student_17,39,0.2839673580860298
random,student_17,40,0.28391415187347424
random,student_18,1,0.07054987727742924
random,student_18,2,0.07168158272926833
random,student_18,3,0.07183950500081213
random,student_18,4,0.07186188103753079
random,student_18,5,0.07186505832271056
random,student_18,6,0.07186550961885409
random,student_18,7,0.07186557372296044
random,student_18,8,0.07186558282864809
random,student_18,9,0.07186558412206946
random,student_18,10,0.07186558430579408
random,student_18,11,0.07186558433189132
random,student_18,12,0.07186558433559832
random,student_18,13,0.09546500727339229
random,student_18,14,0.07653167037636939
random,student_18,15,0.07256745735185084
random,student_18,16,0.07196612419095154
random,student_18,17,0.07187988271825023
random,student_18,18,0.09604468975627443
random,student_18,19,0.07669275980923963
random,student_18,20,0.07259316937121342
random,student_18,21,0.07196983956586751
random,student_18,22,0.07188041176233985
random,student_18,23,0.07186769087738148
random,student_18,24,0.07186588356833115
random,student_18,25,0.07186562684092619
random,student_18,26,0.07186559037381655
random,student_18,27,0.0718655851938264
random,student_18,28,0.07186558445803228
random,student_18,29,0.07186558435351607
random,student_18,30,0.07186558433867
random,student_18,31,0.07186558433656119
random,student_18,32,0.07186558433626165
random,student_18,33,0.09387724614387243
random,student_18,34,0.11192535326271495
random,student_18,35,0.08276626280412457
random,student_18,36,0.07364547786151521
random,student_18,37,0.07212389597995766
random,student_18,38,0.09761643125724351
random,student_18,39,0.12791444884469141
random,student_18,40,0.09590133866646322
random,student_19,1,0.10833938363739676
random,student_19,2,0.10556704492318386
random,student_19,3,0.10515498051308993
random,student_19,4,0.10509606266738623
random,student_19,5,0.10508768581527815
random,student_19,6,0.13039715418252812
random,student_19,7,0.1102371802161544
random,student_19,8,0.10586587000073718
random,student_19,9,0.10519807297706106
random,student_19,10,0.1051021969574744
random,student_19,11,0.105088557430168
random,student_19,12,0.10508661957749553
random,student_19,13,0.10508634430585935
random,student_19,14,0.10508630520460371
random,student_19,15,0.10508629965044464
random,student_19,16,0.10508629886150152
random,student_19,17,0.10508629874943574
random,student_19,18,0.10508629873351728
random,student_19,19,0.10508629873125615
random,student_19,20,0.10508629873093496
random,student_19,21,0.10508629873088936
random,student_19,22,0.10508629873088286
random,student_19,23,0.10508629873088195
random,student_19,24,0.10508629873088182
random,student_19,25,0.13223953739463176
random,student_19,26,0.16196251573195344
random,student_19,27,0.13022609408749372
random,student_19,28,0.11018745201634667
random,student_19,29,0.10585785599853721
random,student_19,30,0.12048899124225411
random,student_19,31,0.14997434828004827
random,student_19,32,0.11881603411236669
random,student_19,33,0.1331376554005058
random,student_19,34,0.11107546120495569
random,student_19,35,0.10600250564690267
random,student_19,36,0.10521788020933485
random,student_19,37,0.10510501867222383
random,student_19,38,0.10508895840753198
random,student_19,39,0.10508667653785013
random,student_19,40,0.10508635239688625
random,student_20,1,0.12126113012656402
random,student_20,2,0.1218862499641149
random,student_20,3,0.14236130690132123
random,student_20,4,0.12581189187639147
random,student_20,5,0.12255773291095363
random,student_20,6,0.13575866610038081
random,student_20,7,0.1243292161863656
random,student_20,8,0.1530475464032984
random,student_20,9,0.1776204546881798
random,student_20,10,0.1901413087568952
random,student_20,11,0.20052734696764618
random,student_20,12,0.20009487269682572
random,student_20,13,0.2273033086653594
random,student_20,14,0.24992619507581812
random,student_20,15,0.26651324421704237
random,student_20,16,0.27497933218285486
random,student_20,17,0.2760414903560493
random,student_20,18,0.2761898679710354
random,student_20,19,0.27621089480091493
random,student_20,20,0.27621388056943214
random,student_20,21,0.276214304664167
random,student_20,22,0.2762143649044906
random,student_20,23,0.30152282356831883
random,student_20,24,0.2998424216998595
random,student_20,25,0.31869001162062444
random,student_20,26,0.3482947385389779
random,student_20,27,0.3281364696568942
random,student_20,28,0.32376574796854474
random,student_20,29,0.3230980477192335
random,student_20,30,0.32300218574299316
random,student_20,31,0.322988548216571
random,student_20,32,0.3229866106482382
random,student_20,33,0.3229863354169937
random,student_20,34,0.3229862963214756
random,student_20,35,0.34829476687255
random,student_20,36,0.37336503281952044
random,student_20,37,0.34117070970886393
random,student_20,38,0.32755467164306057
random,student_20,39,0.32505764531309855
random,student_20,40,0.3506703000667839
random,student_21,1,0.06876841505836542
random,student_21,2,0.0686544513078655
random,student_21,3,0.06863823391298107
random,student_21,4,0.06863592971222222
random,student_21,5,0.06863560239899931
random,student_21,6,0.06863555590540207
random,student_21,7,0.06863554930119305
random,student_21,8,0.08239077406318744
random,student_21,9,0.07097305916052912
random,student_21,10,0.06897710735633363
random,student_21,11,0.06868426366833424
random,student_21,12,0.0686424720420943
random,student_21,13,0.06863653178823055
random,student_21,14,0.06863568792255258
random,student_21,15,0.06863556805366218
random,student_21,16,0.06863555102679875
random,student_21,17,0.06863554860820954
random,student_21,18,0.06863554826465991
random,student_21,19,0.06863554821586025
random,student_21,20,0.06863554820892849
random,student_21,21,0.06863554820794386
random,student_21,22,0.068635548207804
random,student_21,23,0.06863554820778413
random,student_21,24,0.06863554820778131
random,student_21,25,0.06863554820778091
random,student_21,26,0.07801135363902344
random,student_21,27,0.07013509349123782
random,student_21,28,0.06885243235578618
random,student_21,29,0.06866643554610842
random,student_21,30,0.06863993723133326
random,student_21,31,0.06863617168127706
random,student_21,32,0.08414468652608031
random,student_21,33,0.07133879208699874
random,student_21,34,0.09169209142209922
random,student_21,35,0.12298318112060519
random,student_21,36,0.13565413005815546
random,student_21,37,0.13828443261330078
random,student_21,38,0.13864315553574888
random,student_21,39,0.13869382206030992
random,student_21,40,0.13870101322359554
random,student_22,1,0.10524507067596417
random,student_22,2,0.08692548598358656
random,student_22,3,0.08315360025225176
random,student_22,4,0.0825833386697137
random,student_22,5,0.09739635511508472
random,student_22,6,0.08506390299832894
random,student_22,7,0.11391530384750394
random,student_22,8,0.08963042321626614
random,student_22,9,0.11900394531050053
random,student_22,10,0.09167983449319285
random,student_22,11,0.08395453160553835
random,student_22,12,0.0827000604161627
random,student_22,13,0.08251823500004092
random,student_22,14,0.08249233269177532
random,student_22,15,0.08248865187224473
random,student_22,16,0.08248812899799311
random,student_22,17,0.08248805472546557
random,student_22,18,0.08248804417537818
random,student_22,19,0.08248804267678597
random,student_22,20,0.08248804246391775
random,student_22,21,0.08248804243368078
random,student_22,22,0.08248804242938576
random,student_22,23,0.08248804242877568
random,student_22,24,0.10302075719446974
random,student_22,25,0.08635102294616974
random,student_22,26,0.10043666213915138
random,student_22,27,0.08573236540139002
random,student_22,28,0.08296744162499219
random,student_22,29,0.11047892940498777
random,student_22,30,0.13984092947522633
random,student_22,31,0.15072490582381934
random,student_22,32,0.1483182881054754
random,student_22,33,0.1705808160395499
random,student_22,34,0.1523196850748008
random,student_22,35,0.17887248496605956
random,student_22,36,0.19865787537563676
random,student_22,37,0.21349410717020423
random,student_22,38,0.2220709963908382
random,student_22,39,0.22737155633937314
random,student_22,40,0.24178999626510442
random,student_23,1,0.12670577810586212
random,student_23,2,0.1278293896551864
random,student_23,3,0.12798620217832007
random,student_23,4,0.12800842136494608
random,student_23,5,0.1280115763860543
random,student_23,6,0.12801202452000568
random,student_23,7,0.14854469772955825
random,student_23,8,0.13187505038799446
random,student_23,9,0.12858732687811747
random,student_23,10,0.12809437194367637
random,student_23,11,0.1280237967357481
random,student_23,12,0.12801376059663364
random,student_23,13,0.1521698649521487
random,student_23,14,0.13283328868253738
random,student_23,15,0.12873872650662185
random,student_23,16,0.128116215581215
random,student_23,17,0.12802690643727027
random,student_23,18,0.12801420245533193
random,student_23,19,0.12801239754824867
random,student_23,20,0.12801214116205178
random,student_23,21,0.1280121047434096
random,student_23,22,0.12801209957030404
random,student_23,23,0.14545892104874375
random,student_23,24,0.1719121367697096
random,student_23,25,0.19089962107535507
random,student_23,26,0.19006756596687577
random,student_23,27,0.189947790367338
random,student_23,28,0.18993074435113236
random,student_23,29,0.18992832238626947
random,student_23,30,0.18992797834393513
random,student_23,31,0.20657532511284568
random,student_23,32,0.23772337394385337
random,student_23,33,0.25574902858114384
random,student_23,34,0.2688925161647363
random,student_23,35,0.27200684856192925
random,student_23,36,0.2724285096638207
random,student_23,37,0.27248800663114164
random,student_23,38,0.29963367568288424
random,student_23,39,0.2949300032330347
random,student_23,40,0.2942072303451318
random,student_24,1,0.062002258042944625
random,student_24,2,0.061927654931230904
random,student_24,3,0.06191704532480358
random,student_24,4,0.06191553802443505
random,student_24,5,0.06191532391414323
random,student_24,6,0.06191529350064608
random,student_24,7,0.06191528918054497
random,student_24,8,0.06191528856689419
random,student_24,9,0.0619152884797279
random,student_24,10,0.06191528846734632
random,student_24,11,0.06191528846558756
random,student_24,12,0.061915288465337746
random,student_24,13,0.06191528846530226
random,student_24,14,0.06191528846529722
random,student_24,15,0.0619152884652965
random,student_24,16,0.061915288465296404
random,student_24,17,0.06191528846529639
random,student_24,18,0.06191528846529639
random,student_24,19,0.06191528846529639
random,student_24,20,0.08551471140350271
random,student_24,21,0.0665813745057361
random,student_24,22,0.06261716148098016
random,student_24,23,0.06201582832004238
random,student_24,24,0.06192958684733548
random,student_24,25,0.061917319832035134
random,student_24,26,0.061915577018702074
random,student_24,27,0.06191532945313718
random,student_24,28,0.06191529428743572
random,student_24,29,0.061915289292304866
random,student_24,30,0.07856261466268867
random,student_24,31,0.06486609206876666
random,student_24,32,0.062349732817587745
random,student_24,33,0.061977320868846296
random,student_24,34,0.07678105603888245
random,student_24,35,0.06448221305944583
random,student_24,36,0.06229142889428261
random,student_24,37,0.08208596837906833
random,student_24,38,0.11093982542179621
random,student_24,39,0.0786933727125122
random,student_24,40,0.11161474497568219
random,student_25,1,0.10095146315705815
random,student_25,2,0.12430698459847613
random,student_25,3,0.10635221890539469
random,student_25,4,0.10269136262865576
random,student_25,5,0.1021389439453584
random,student_25,6,0.10205977991018168
random,student_25,7,0.10204852085975245
random,student_25,8,0.10204692127676411
random,student_25,9,0.10204669405749874
random,student_25,10,0.1262016789524392
random,student_25,11,0.10686707712055671
random,student_25,12,0.10277316121211717
random,student_25,13,0.10215075552441505
random,student_25,14,0.10206146162968528
random,student_25,15,0.12034916169985586
random,student_25,16,0.1053728186149337
random,student_25,17,0.10253864842228876
random,student_25,18,0.13005927278085327
random,student_25,19,0.15941174073856887
random,student_25,20,0.17066167315704986
random,student_25,21,0.19217093477967237
random,student_25,22,0.17681443353755824
random,student_25,23,0.1738818893933385
random,student_25,24,0.20343128786553755
random,student_25,25,0.2318495210604893
random,student_25,26,0.2419313354790562
random,student_25,27,0.2591616836565015
random,student_25,28,0.26199491182716866
random,student_25,29,0.2623801317982832
random,student_25,30,0.262434518082751
random,student_25,31,0.28296219187591604
random,student_25,32,0.30348350592746215
random,student_25,33,0.32742638938953633
random,student_25,34,0.3452366600253621
random,student_25,35,0.36546527032234494
random,student_25,36,0.37460559707292074
random,student_25,37,0.3792613237283198
random,student_25,38,0.3832828343498798
random,student_25,39,0.38441918449318185
random,student_25,40,0.385035393295779
random,student_26,1,0.12629223793630245
random,student_26,2,0.1235255728176121
random,student_26,3,0.12311439100482803
random,student_26,4,0.1503201021741543
random,student_26,5,0.12878905691397752
random,student_26,6,0.12392166932293615
random,student_26,7,0.12317157620053064
random,student_26,8,0.12306374194390866
random,student_26,9,0.12304839829222915
random,student_26,10,0.12304621826496182
random,student_26,11,0.12304590859127527
random,student_26,12,0.12304586460331934
random,student_26,13,0.13783222915577295
random,student_26,14,0.12559613546778095
random,student_26,15,0.1234194819325626
random,student_26,16,0.12309916665250224
random,student_26,17,0.1436616670430943
random,student_26,18,0.12692957122732382
random,student_26,19,0.12362432739701136
random,student_26,20,0.144472530481994
random,student_26,21,0.12713479265690802
random,student_26,22,0.12365646246728725
random,student_26,23,0.12313322755331081
random,student_26,24,0.12305828081628473
random,student_26,25,0.12304762228326915
random,student_26,26,0.12304610803075287
random,student_26,27,0.12304589293289268
random,student_26,28,0.12304586237911495
random,student_26,29,0.12304585803908762
random,student_26,30,0.12304585742260642
random,student_26,31,0.12304585733503805
random,student_26,32,0.12304585732259937
random,student_26,33,0.12304585732083252
random,student_26,34,0.1374818037836239
random,student_26,35,0.1584766842756165
random,student_26,36,0.1819439122093763
random,student_26,37,0.19205564763398217
random,student_26,38,0.1834309769754976
random,student_26,39,0.18200606075681755
random,student_26,40,0.18179895495527534
random,student_27,1,0.11495731981400563
random,student_27,2,0.11423181384281932
random,student_27,3,0.11412755561229825
random,student_27,4,0.11411272163495055
random,student_27,5,0.11411061403931975
random,student_27,6,0.11411031465491861
random,student_27,7,0.11411027212852304
random,student_27,8,0.1141102660878378
random,student_27,9,0.11411026522978583
random,student_27,10,0.13326203168100495
random,student_27,11,0.15521455002326173
random,student_27,12,0.17756174946162506
random,student_27,13,0.1973331078846838
random,student_27,14,0.18025317779857467
random,student_27,15,0.20787103380547764
random,student_27,16,0.18346466635455017
random,student_27,17,0.21417298647262797
random,student_27,18,0.23842425763447714
random,student_27,19,0.2381764165904391
random,student_27,20,0.2381410726892723
random,student_27,21,0.2381360494286865
random,student_27,22,0.23813533584042024
random,student_27,23,0.2381352344773018
random,student_27,24,0.23813522007910837
random,student_27,25,0.23813521803391
random,student_27,26,0.23813521774339885
random,student_27,27,0.23813521770213306
random,student_27,28,0.23813521769627144
random,student_27,29,0.2381352176954388
random,student_27,30,0.25728698407551165
random,student_27,31,0.28732117067006835
random,student_27,32,0.27169562029048666
random,student_27,33,0.26869228710395615
random,student_27,34,0.26824414371182903
random,student_27,35,0.26818003016093356
random,student_27,36,0.26817091383793407
random,student_27,37,0.26816961871816253
random,student_27,38,0.29732037110064513
random,student_27,39,0.27451855322886215
random,student_27,40,0.26914519489948313
random,student_28,1,0.1597863388547691
random,student_28,2,0.17495011784904554
random,student_28,3,0.17305369393530348
random,student_28,4,0.17277591071901133
random,student_28,5,0.19195078991853767
random,student_28,6,0.2209806878740822
random,student_28,7,0.23668482555087858
random,student_28,8,0.24586905046126648
random,student_28,9,0.27014648908364886
random,student_28,10,0.2653303434965086
random,student_28,11,0.28489995780065674
random,student_28,12,0.2683033227038991
random,student_28,13,0.26503600774557373
random,student_28,14,0.2645462831735535
random,student_28,15,0.26447617408290197
random,student_28,16,0.26446620430185513
random,student_28,17,0.28647888499833685
random,student_28,18,0.3165151941251623
random,student_28,19,0.2980538728714383
random,student_28,20,0.30990954203714594
random,student_28,21,0.296448660888846
random,student_28,22,0.29398869578990144
random,student_28,23,0.2936249735790724
random,student_28,24,0.2935730080389702
random,student_28,25,0.2935656204721046
random,student_28,26,0.2935645709786669
random,student_28,27,0.29356442190040954
random,student_28,28,0.2935644007244706
random,student_28,29,0.2935643977165237
random,student_28,30,0.31409711276109337
random,student_28,31,0.29742737792957735
random,student_28,32,0.29413962991558773
random,student_28,33,0.2936466711011571
random,student_28,34,0.2935760953333461
random,student_28,35,0.2935660591145242
random,student_28,36,0.2935646332879738
random,student_28,37,0.29356443075120664
random,student_28,38,0.29356440198168693
random,student_28,39,0.2935643978951056
random,student_28,40,0.31716382128785453
random,student_29,1,0.059861521324020193
random,student_29,2,0.060244280395214844
random,student_29,3,0.06029832133962767
random,student_29,4,0.08230446317701824
random,student_29,5,0.06454381826289175
random,student_29,6,0.060941084101635935
random,student_29,7,0.060397978489616734
random,student_29,8,0.06032016070100645
random,student_29,9,0.06030909335659562
random,student_29,10,0.06030752101423498
random,student_29,11,0.0603072976645719
random,student_29,12,0.08561579026487626
random,student_29,13,0.11314611289681582
random,student_29,14,0.12767648616856805
random,student_29,15,0.13405087894483309
random,student_29,16,0.1348740842473409
random,student_29,17,0.13498951046572008
random,student_29,18,0.1350058762401892
random,student_29,19,0.13500820031997915
random,student_29,20,0.135008530432764
random,student_29,21,0.13500857732353874
random,student_29,22,0.1350085839841552
random,student_29,23,0.13500858493026538
random,student_29,24,0.13500858506465602
random,student_29,25,0.1350085850837456
random,student_29,26,0.1621618237450659
random,student_29,27,0.14071409225711612
random,student_29,28,0.1642317956625646
random,student_29,29,0.18814582823978798
random,student_29,30,0.20246386810333042
random,student_29,31,0.21193399700307583
random,student_29,32,0.21803861419689222
random,student_29,33,0.21921077516580076
random,student_29,34,0.22000214834125578
random,student_29,35,0.2201656132687346
random,student_29,36,0.22027663133077688
random,student_29,37,0.24331630181423616
random,student_29,38,0.24333204367521552
random,student_29,39,0.24333427917610495
random,student_29,40,0.24333459670757074
random,student_30,1,0.10152571152561535
random,student_30,2,0.10119132403398205
random,student_30,3,0.10114357200353936
random,student_30,4,0.10113678389577391
random,student_30,5,0.1011358195719518
random,student_30,6,0.10113568259203815
random,student_30,7,0.10113566313462173
random,student_30,8,0.10113566037078331
random,student_30,9,0.10113565997819261
random,student_30,10,0.10113565992242689
random,student_30,11,0.10113565991450561
random,student_30,12,0.12828889857926376
random,student_30,13,0.1068411670858627
random,student_30,14,0.13326601190385268
random,student_30,15,0.10853717539617545
random,student_30,16,0.12625527439657855
random,student_30,17,0.15087938982027937
random,student_30,18,0.1675765901819564
random,student_30,19,0.1962662089876879
random,student_30,20,0.2156543676516847
random,student_30,21,0.22998498259540556
random,student_30,22,0.23776029325971196
random,student_30,23,0.23874503791078996
random,student_30,24,0.2388827670628778
random,student_30,25,0.2555214109764649
random,student_30,26,0.24540344118728516
random,student_30,27,0.24368153909461765
random,student_30,28,0.24343004454917663
random,student_30,29,0.24339417754071555
random,student_30,30,0.2433890798909938
random,student_30,31,0.24338835573439013
random,student_30,32,0.2568129174154486
random,student_30,33,0.29011365120065263
random,student_30,34,0.3230622243391251
random,student_30,35,0.3418049595534209
random,student_30,36,0.3484194184981772
random,student_30,37,0.3543313091043707
random,student_30,38,0.359631709982219
random,student_30,39,0.3604830415913358
random,student_30,40,0.3612515265668647
random,student_31,1,0.08868754929222726
random,student_31,2,0.08899571040028055
random,student_31,3,0.08903927023410112
random,student_31,4,0.08904545343307851
random,student_31,5,0.08904633164214344
random,student_31,6,0.08904645638600929
random,student_31,7,0.10383281309595915
random,student_31,8,0.09159674769339014
random,student_31,9,0.10301173581725377
random,student_31,10,0.09142681679366593
random,student_31,11,0.0893944773088724
random,student_31,12,0.08909611500598875
random,student_31,13,0.08905353206500842
random,student_31,14,0.0890474792576783
random,student_31,15,0.08904661940124615
random,student_31,16,0.08904649726088036
random,student_31,17,0.08904647991136293
random,student_31,18,0.08904647744694215
random,student_31,19,0.08904647709688236
random,student_31,20,0.08904647704715796
random,student_31,21,0.08904647704009484
random,student_31,22,0.08904647703909156
random,student_31,23,0.10569380209427848
random,student_31,24,0.09199728038978877
random,student_31,25,0.08948092135266845
random,student_31,26,0.1088463770163735
random,student_31,27,0.12811820810284383
random,student_31,28,0.09944349546510894
random,student_31,29,0.09073248446009739
random,student_31,30,0.11370228736862947
random,student_31,31,0.13893792857444895
random,student_31,32,0.1543186075730881
random,student_31,33,0.15874181900035947
random,student_31,34,0.15932923706048246
random,student_31,35,0.15941190686387272
random,student_31,36,0.15942363433814472
random,student_31,37,0.1594252998623386
random,student_31,38,0.17857692801154543
random,student_31,39,0.2076188256973979
random,student_31,40,0.17553419977818666
random,student_32,1,0.10696677800654998
random,student_32,2,0.10738543340403632
random,student_32,3,0.10744450905839224
random,student_32,4,0.1074528926214741
random,student_32,5,0.10745408330996083
random,student_32,6,0.1074542524386497
random,student_32,7,0.10745427646254667
random,student_32,8,0.10745427987503071
random,student_32,9,0.12946594133389125
random,student_32,10,0.16109906483734499
random,student_32,11,0.1750546137924265
random,student_32,12,0.1708291160107869
random,student_32,13,0.17018523425768325
random,student_32,14,0.17009282735371697
random,student_32,15,0.1700796820759208
random,student_32,16,0.1700778144590223
random,student_32,17,0.17007754916466164
random,student_32,18,0.17007751148064476
random,student_32,19,0.17007750612779826
random,student_32,20,0.1700775053674507
random,student_32,21,0.17007750525944676
random,student_32,22,0.17007750524410534
random,student_32,23,0.1700775052419261
random,student_32,24,0.17007750524161658
random,student_32,25,0.1700775052415726
random,student_32,26,0.17007750524156637
random,student_32,27,0.17007750524156548
random,student_32,28,0.17007750524156537
random,student_32,29,0.1700775052415653
random,student_32,30,0.1700775052415653
random,student_32,31,0.1700775052415653
random,student_32,32,0.1700775052415653
random,student_32,33,0.1700775052415653
random,student_32,34,0.1879368938094008
random,student_32,35,0.20318746830810316
random,student_32,36,0.22277475877344466
random,student_32,37,0.2368951795171409
random,student_32,38,0.23413485404483161
random,student_32,39,0.23372465824074815
random,student_32,40,0.25246904007050824
random,student_33,1,0.06814445917129233
random,student_33,2,0.09218886304544195
random,student_33,3,0.0730486695576378
random,student_33,4,0.06901799714226181
random,student_33,5,0.08993793449804803
random,student_33,6,0.07244589186265958
random,student_33,7,0.10415529764142345
random,student_33,8,0.07720316258448826
random,student_33,9,0.06971785880893679
random,student_33,10,0.06850786650905137
random,student_33,11,0.06833261501959093
random,student_33,12,0.08749894964510928
random,student_33,13,0.07184016140569803
random,student_33,14,0.06882801446380771
random,student_33,15,0.06837848882127721
random,student_33,16,0.06831417609395893
random,student_33,17,0.08240904033841413
random,student_33,18,0.07071260264219971
random,student_33,19,0.0686558443820593
random,student_33,20,0.06835377493454
random,student_33,21,0.0683106603472903
random,student_33,22,0.0683045319191155
random,student_33,23,0.06830366131900757
random,student_33,24,0.0683035376525095
random,student_33,25,0.06830352008621107
random,student_33,26,0.06830351759099752
random,student_33,27,0.09190294080674168
random,student_33,28,0.07296960340840183
random,student_33,29,0.09962300937279545
random,student_33,30,0.12366777108228122
random,student_33,31,0.09147426799040677
random,student_33,32,0.0728524593471333
random,student_33,33,0.1007046691095946
random,student_33,34,0.0758067308587954
random,student_33,35,0.06947411463229067
random,student_33,36,0.06847215058825835
random,student_33,37,0.06832751908161817
random,student_33,38,0.08312061345875069
random,student_33,39,0.10412448976844292
random,student_33,40,0.07718980649180358
random,student_34,1,0.07562810812698828
random,student_34,2,0.07672372245383975
random,student_34,3,0.10190209386471015
random,student_34,4,0.12208076965827404
random,student_34,5,0.09082463676018125
random,student_34,6,0.07927359423539619
random,student_34,7,0.0772486487545463
random,student_34,8,0.07695140837992813
random,student_34,9,0.07690898632366468
random,student_34,10,0.09744563639961741
random,student_34,11,0.0807676709613514
random,student_34,12,0.07747761720292776
random,student_34,13,0.09881656282625118
random,student_34,14,0.08111697525255615
random,student_34,15,0.07753238812681819
random,student_34,16,0.07699218642341167
random,student_34,17,0.07691478832544955
random,student_34,18,0.07690378074346593
random,student_34,19,0.07690221689306366
random,student_34,20,0.07690199474970474
random,student_34,21,0.07690196319513902
random,student_34,22,0.07690195871295415
random,student_34,23,0.07690195807628011
random,student_34,24,0.07690195798584347
random,student_34,25,0.07690195797299734
random,student_34,26,0.1005013809126325
random,student_34,27,0.08156804401228883
random,student_34,28,0.07760383098671016
random,student_34,29,0.077002497825639
random,student_34,30,0.07691625635291281
random,student_34,31,0.0913559289609157
random,student_34,32,0.12271254311876463
random,student_34,33,0.14206095758258996
random,student_34,34,0.14645273864333994
random,student_34,35,0.1470362500533506
random,student_34,36,0.14711837509280082
random,student_34,37,0.14713002538791442
random,student_34,38,0.1762790463397571
random,student_34,39,0.15347980902293668
random,student_34,40,0.14810752935388405
random,student_35,1,0.11622531347603958
random,student_35,2,0.11743083687655405
random,student_35,3,0.11759886744576108
random,student_35,4,0.11762267191975594
random,student_35,5,0.13722242060368392
random,student_35,6,0.16785614212361646
random,student_35,7,0.13543395885405118
random,student_35,8,0.16468143965535884
random,student_35,9,0.18251855050731983
random,student_35,10,0.19814243230648346
random,student_35,11,0.19134302481484788
random,student_35,12,0.19025791132724665
random,student_35,13,0.19010106582850958
random,student_35,14,0.2079719357640604
random,student_35,15,0.19330746865173798
random,student_35,16,0.19055260419307196
random,student_35,17,0.19014325757344888
random,student_35,18,0.19008473087109415
random,student_35,19,0.21369066655009628
random,student_35,20,0.23054820400326448
random,student_35,21,0.25049067187369184
random,student_35,22,0.25512568341750225
random,student_35,23,0.2747889577028843
random,student_35,24,0.2975836602742494
random,student_35,25,0.314317866618146
random,student_35,26,0.2923169259655065
random,student_35,27,0.28726809293436867
random,student_35,28,0.28648753294797513
random,student_35,29,0.29866567199167254
random,student_35,30,0.28840608339967116
random,student_35,31,0.28665505306009226
random,student_35,32,0.28639918141176596
random,student_35,33,0.28636268761055256
random,student_35,34,0.2863575008253436
random,student_35,35,0.28635676400538074
random,student_35,36,0.28635665934222937
random,student_35,37,0.2863566444752797
random,student_35,38,0.2863566423634966
random,student_35,39,0.2863566420635274
random,student_35,40,0.2863566420209181
random,student_36,1,0.07246315206199141
random,student_36,2,0.07350996104499072
random,student_36,3,0.07365622936584941
random,student_36,4,0.07367695797661108
random,student_36,5,0.07367990141253539
random,student_36,6,0.07368031949468402
random,student_36,7,0.07368037888095853
random,student_36,8,0.08183079422782877
random,student_36,9,0.07496283343711731
random,student_36,10,0.07386538495028164
random,student_36,11,0.09930621013982588
random,student_36,12,0.07892359755348267
random,student_36,13,0.07447486600132612
random,student_36,14,0.0737943206248724
random,student_36,15,0.07369659425335888
random,student_36,16,0.07368269108163357
random,student_36,17,0.07368071576308118
random,student_36,18,0.07368043516925629
random,student_36,19,0.07368039531200127
random,student_36,20,0.07368038965045577
random,student_36,21,0.0736803888462589
random,student_36,22,0.07368038873202638
random,student_36,23,0.07368038871580017
random,student_36,24,0.07368038871349532
random,student_36,25,0.07368038871316791
random,student_36,26,0.07368038871312142
random,student_36,27,0.07368038871311482
random,student_36,28,0.07368038871311387
random,student_36,29,0.07368038871311373
random,student_36,30,0.07368038871311372
random,student_36,31,0.09518754303026117
random,student_36,32,0.12375526735205918
random,student_36,33,0.13902069908516856
random,student_36,34,0.14412126500797476
random,student_36,35,0.14479202207808328
random,student_36,36,0.14488629724570576
random,student_36,37,0.14489966858751568
random,student_36,38,0.14490156752256952
random,student_36,39,0.16154877273143253
random,student_36,40,0.14785258921052458
random,student_37,1,0.10923423538690309
random,student_37,2,0.12332595486364595
random,student_37,3,0.11264490340080079
random,student_37,4,0.11080614732888346
random,student_37,5,0.110537067598724
random,student_37,6,0.1310947925996588
random,student_37,7,0.11437270444615712
random,student_37,8,0.13671534392760046
random,student_37,9,0.11591336425738781
random,student_37,10,0.14047166869825126
random,student_37,11,0.11712237651452273
random,student_37,12,0.1444516120311937
random,student_37,13,0.16376548110389383
random,student_37,14,0.1774933103270917
random,student_37,15,0.18585942828868426
random,student_37,16,0.18691047191303553
random,student_37,17,0.18705732226096236
random,student_37,18,0.18707813316266342
random,student_37,19,0.18708108827993397
random,student_37,20,0.18708150802120935
random,student_37,21,0.20258980053346198
random,student_37,22,0.18978462563306253
random,student_37,23,0.18747832936424355
random,student_37,24,0.18713820237161724
random,student_37,25,0.18708962625594946
random,student_37,26,0.18708272091129508
random,student_37,27,0.1980714998374613
random,student_37,28,0.18887824223011898
random,student_37,29,0.21727283621274288
random,student_37,30,0.24434697487761695
random,student_37,31,0.2556704695622006
random,student_37,32,0.26647854272676413
random,student_37,33,0.2731854922002759
random,student_37,34,0.27404761020322804
random,student_37,35,0.27430226284874354
random,student_37,36,0.27442307181088244
random,student_37,37,0.2969245687458197
random,student_37,38,0.2969416962549812
random,student_37,39,0.3160920413286868
random,student_37,40,0.3468198676358802
random,student_38,1,0.07407121682251333
random,student_38,2,0.07494851414863406
random,student_38,3,0.07507142107802105
random,student_38,4,0.07508884544416801
random,student_38,5,0.07509131981143159
random,student_38,6,0.07509167127024209
random,student_38,7,0.07509172119308989
random,student_38,8,0.0750917282843979
random,student_38,9,0.07509172929168584
random,student_38,10,0.07509172943476651
random,student_38,11,0.07509172945509048
random,student_38,12,0.07509172945797739
random,student_38,13,0.07509172945838748
random,student_38,14,0.07509172945844572
random,student_38,15,0.07509172945845399
random,student_38,16,0.07509172945845517
random,student_38,17,0.07509172945845534
random,student_38,18,0.07509172945845537
random,student_38,19,0.07509172945845537
random,student_38,20,0.07509172945845537
random,student_38,21,0.07509172945845537
random,student_38,22,0.07509172945845537
random,student_38,23,0.07509172945845537
random,student_38,24,0.07509172945845537
random,student_38,25,0.07509172945845537
random,student_38,26,0.1022449681222053
random,student_38,27,0.1305700796502986
random,student_38,28,0.14277398665164956
random,student_38,29,0.14250990627150928
random,student_38,30,0.1424722367592299
random,student_38,31,0.15761786187313617
random,student_38,32,0.1450932247155178
random,student_38,33,0.14285125920520528
random,student_38,34,0.14252097384801227
random,student_38,35,0.14247381071474757
random,student_38,36,0.1616294931363543
random,student_38,37,0.19066931002830903
random,student_38,38,0.2077700996910836
random,student_38,39,0.21467635681327046
random,student_38,40,0.21556162490167619
random,student_39,1,0.08410590565233962
random,student_39,2,0.0851036519590111
random,student_39,3,0.10289078127130545
random,student_39,4,0.08843636799033967
random,student_39,5,0.08573422648299905
random,student_39,6,0.08533307016945084
random,student_39,7,0.08527572200665019
random,student_39,8,0.08526756853325253
random,student_39,9,0.08526641021941367
random,student_39,10,0.08526624568317089
random,student_39,11,0.08526622231148444
random,student_39,12,0.08526621899164137
random,student_39,13,0.08526621852007273
random,student_39,14,0.09836627637113693
random,student_39,15,0.11771245652640584
random,student_39,16,0.14495618879428449
random,student_39,17,0.14716281904333084
random,student_39,18,0.14746569757284242
random,student_39,19,0.1475085142624949
random,student_39,20,0.1475145920458685
random,student_39,21,0.14751545528404159
random,student_39,22,0.1475155779014191
random,student_39,23,0.14751559531862632
random,student_39,24,0.14751559779266074
random,student_39,25,0.14751559814408607
random,student_39,26,0.14751559819400442
random,student_39,27,0.1475155982010951
random,student_39,28,0.1475155982021023
random,student_39,29,0.14751559820224538
random,student_39,30,0.1475155982022657
random,student_39,31,0.1475155982022686
random,student_39,32,0.147515598202269
random,student_39,33,0.14751559820226906
random,student_39,34,0.14751559820226906
random,student_39,35,0.14751559820226906
random,student_39,36,0.14751559820226906
random,student_39,37,0.14751559820226906
random,student_39,38,0.14751559820226906
random,student_39,39,0.14751559820226906
random,student_39,40,0.14751559820226906
random,student_40,1,0.0973421641589574
random,student_40,2,0.07248283422048997
random,student_40,3,0.06616958498365673
random,student_40,4,0.06517103945157955
random,student_40,5,0.08188199383370358
random,student_40,6,0.06800521631769
random,student_40,7,0.06544528731791745
random,student_40,8,0.08721159424066627
random,student_40,9,0.06929494194372394
random,student_40,10,0.06564554893273455
random,student_40,11,0.06509496852777706
random,student_40,12,0.06501607025599611
random,student_40,13,0.0650048490510252
random,student_40,14,0.0650032548457322
random,student_40,15,0.06500302839038276
random,student_40,16,0.06500299622331403
random,student_40,17,0.06500299165412578
random,student_40,18,0.09031145807352765
random,student_40,19,0.12078291797770214
random,student_40,20,0.1331958101185617
random,student_40,21,0.1337974810846342
random,student_40,22,0.13388213782301436
random,student_40,23,0.13389414678400854
random,student_40,24,0.1338958522770428
random,student_40,25,0.13389609452801401
random,student_40,26,0.13389612893853092
random,student_40,27,0.13389613382638577
random,student_40,28,0.13389613452068327
random,student_40,29,0.13389613461930508
random,student_40,30,0.13389613463331387
random,student_40,31,0.13389613463530375
random,student_40,32,0.1338961346355864
random,student_40,33,0.13389613463562655
random,student_40,34,0.1505434596907476
random,student_40,35,0.13684693798644373
random,student_40,36,0.13433057894936815
random,student_40,37,0.13395816703364913
random,student_40,38,0.15359220148364436
random,student_40,39,0.137553354155501
random,student_40,40,0.1344393295943225
random,student_41,1,0.11164522044463132
random,student_41,2,0.11233747440702913
random,student_41,3,0.1375635061616944
random,student_41,4,0.16564806373493168
random,student_41,5,0.17942777198075632
random,student_41,6,0.21080299688493354
random,student_41,7,0.18031878588906325
random,student_41,8,0.2039672208206361
random,student_41,9,0.22130577676827065
random,student_41,10,0.2348284942139631
random,student_41,11,0.24343317871601136
random,student_41,12,0.24683085284540626
random,student_41,13,0.24790837091479942
random,student_41,14,0.24836645676509225
random,student_41,15,0.2485169441403806
random,student_41,16,0.2776064111049833
random,student_41,17,0.2776277361999699
random,student_41,18,0.29466920893263565
random,student_41,19,0.28066897503508575
random,student_41,20,0.2780789862503457
random,student_41,21,0.2776952038704659
random,student_41,22,0.27764035469606646
random,student_41,23,0.3012458809742581
random,student_41,24,0.32469266988127005
random,student_41,25,0.34776287356059826
random,student_41,26,0.31594727832487923
random,student_41,27,0.3385858665573354
random,student_41,28,0.3580034918995281
random,student_41,29,0.3725391557203613
random,student_41,30,0.3796373119917212
random,student_41,31,0.3824448664299846
random,student_41,32,0.3833523043029034
random,student_41,33,0.383734180800843
random,student_41,34,0.3838612505821996
random,student_41,35,0.3839151676678811
random,student_41,36,0.383933181008501
random,student_41,37,0.3839408331333472
random,student_41,38,0.411091779403004
random,student_41,39,0.41109286622047003
random,student_41,40,0.41109302059528624
random,student_42,1,0.16248380350986166
random,student_42,2,0.16214718877779896
random,student_42,3,0.1620991169751755
random,student_42,4,0.1620922833760047
random,student_42,5,0.16209131258893697
random,student_42,6,0.1620911746909204
random,student_42,7,0.17723493016488137
random,student_42,8,0.16471666875691943
random,student_42,9,0.16247615568930543
random,student_42,10,0.16214609228910323
random,student_42,11,0.16209896101749552
random,student_42,12,0.162092261218755
random,student_42,13,0.1620913094415162
random,student_42,14,0.16209117424384192
random,student_42,15,0.16209115503958557
random,student_42,16,0.18569058011384498
random,student_42,17,0.2152590564942185
random,student_42,18,0.18274773798960728
random,student_42,19,0.16598506002446203
random,student_42,20,0.16267121433224155
random,student_42,21,0.16217412134599807
random,student_42,22,0.16210294897728633
random,student_42,23,0.1620928278228593
random,student_42,24,0.1620913899277286
random,student_42,25,0.17995088359973174
random,student_42,26,0.20360996980162516
random,student_42,27,0.2257014442878662
random,student_42,28,0.24096537357613212
random,student_42,29,0.2470133364908678
random,student_42,30,0.24779799422538193
random,student_42,31,0.27485186903552067
random,student_42,32,0.27086604436602496
random,student_42,33,0.2917815200148805
random,student_42,34,0.27429910231445315
random,student_42,35,0.27077854908413074
random,student_42,36,0.27024857958741094
random,student_42,37,0.2701726599982567
random,student_42,38,0.2973355661151244
random,student_42,39,0.3257477863085612
random,student_42,40,0.3540643310869304
random,student_43,1,0.11034807852750388
random,student_43,2,0.11023335184124493
random,student_43,3,0.11021702567994145
random,student_43,4,0.11021470602141792
random,student_43,5,0.11021437651232853
random,student_43,6,0.1102143297068152
random,student_43,7,0.11021432305829983
random,student_43,8,0.11021432211390836
random,student_43,9,0.11021432197976183
random,student_43,10,0.11021432196070692
random,student_43,11,0.11021432195800025
random,student_43,12,0.11021432195761578
random,student_43,13,0.11021432195756119
random,student_43,14,0.11021432195755343
random,student_43,15,0.11021432195755232
random,student_43,16,0.12535807056463952
random,student_43,17,0.15666641904613834
random,student_43,18,0.17559083470176465
random,student_43,19,0.1807755609854476
random,student_43,20,0.1814565603894409
random,student_43,21,0.18155225976396785
random,student_43,22,0.2025573927212875
random,student_43,23,0.1855456652787931
random,student_43,24,0.1821612282140563
random,student_43,25,0.2061471099302066
random,student_43,26,0.18650822921441232
random,student_43,27,0.18231375938568964
random,student_43,28,0.18167495080276386
random,student_43,29,0.20890983019149334
random,student_43,30,0.23716207782973533
random,student_43,31,0.24928518866522145
random,student_43,32,0.2578735006235312
random,student_43,33,0.26751054439556815
random,student_43,34,0.2685862509475792
random,student_43,35,0.26873648955395857
random,student_43,36,0.26875777948054264
random,student_43,37,0.26876080259564755
random,student_43,38,0.28319661855582734
random,student_43,39,0.2786154273959142
random,student_43,40,0.2779129896511939
random,student_44,1,0.11326197247164642
random,student_44,2,0.14209811394888225
random,student_44,3,0.16854796184859114
random,student_44,4,0.18159563146346444
random,student_44,5,0.1871113892439871
random,student_44,6,0.18783243836036634
random,student_44,7,0.21135210233761173
random,student_44,8,0.19256227741514279
random,student_44,9,0.215170404216755
random,student_44,10,0.19367671196311545
random,student_44,11,0.18882348163953425
random,student_44,12,0.2147332836071347
random,student_44,13,0.19354156665887637
random,student_44,14,0.1888014042236311
random,student_44,15,0.18807255584485258
random,student_44,16,0.1879678116517619
random,student_44,17,0.18795290841584178
random,student_44,18,0.18795079097769718
random,student_44,19,0.18795049019511786
random,student_44,20,0.18795044747011555
random,student_44,21,0.18795044140121908
random,student_44,22,0.18795044053915985
random,student_44,23,0.18795044041670825
random,student_44,24,0.18795044039931452
random,student_44,25,0.20710220678076188
random,student_44,26,0.19147665639804623
random,student_44,27,0.18847332321068533
random,student_44,28,0.18802517981842803
random,student_44,29,0.18796106626751377
random,student_44,30,0.18795194994451167
random,student_44,31,0.18795065482473972
random,student_44,32,0.18795047085507877
random,student_44,33,0.20996215146243372
random,student_44,34,0.19219078754989594
random,student_44,35,0.2084069513686053
random,student_44,36,0.1917944547790034
random,student_44,37,0.188522713071378
random,student_44,38,0.18803228800489058
random,student_44,39,0.21168646615052242
random,student_44,40,0.2396839121428337
random,student_45,1,0.0960118462478491
random,student_45,2,0.09717109078929813
random,student_45,3,0.09733278684059173
random,student_45,4,0.09735569621617716
random,student_45,5,0.0973589492052626
random,student_45,6,0.09735941125370366
random,student_45,7,0.09735947688510284
random,student_45,8,0.09735948620773506
random,student_45,9,0.09735948753197239
random,student_45,10,0.09735948772007429
random,student_45,11,0.11789220246826876
random,student_45,12,0.1450468163630939
random,student_45,13,0.11307576108101498
random,student_45,14,0.1373716127579188
random,student_45,15,0.1533969984650052
random,student_45,16,0.16562191074019392
random,student_45,17,0.1746169497054352
random,student_45,18,0.17573742483050894
random,student_45,19,0.17589380724625628
random,student_45,20,0.1759159656407002
random,student_45,21,0.175919112032638
random,student_45,22,0.17591955894097763
random,student_45,23,0.17591962242182527
random,student_45,24,0.17591963143898207
random,student_45,25,0.17591963271982802
random,student_45,26,0.17591963290176635
random,student_45,27,0.17591963292760984
random,student_45,28,0.1759196329312808
random,student_45,29,0.19951905586907884
random,student_45,30,0.22908753391344552
random,student_45,31,0.24338372491942717
random,student_45,32,0.26867816647703996
random,student_45,33,0.25557933511371916
random,student_45,34,0.25320480078124374
random,student_45,35,0.2528542111541252
random,student_45,36,0.2528041324097386
random,student_45,37,0.2527970132886103
random,student_45,38,0.2763972281163674
random,student_45,39,0.2574624629153259
random,student_45,40,0.2779984106435154
random,student_46,1,0.12598374773074894
random,student_46,2,0.15116146504394032
random,student_46,3,0.1317654909656038
random,student_46,4,0.12765144926663177
random,student_46,5,0.12702576518956454
random,student_46,6,0.1269359962234678
random,student_46,7,0.1269232267396538
random,student_46,8,0.14318386098741867
random,student_46,9,0.12978733563517875
random,student_46,10,0.14785089088280848
random,student_46,11,0.16703144867152306
random,student_46,12,0.18998469584732527
random,student_46,13,0.19240690111871506
random,student_46,14,0.19273828371775772
random,student_46,15,0.19278510884341124
random,student_46,16,0.19279175519722938
random,student_46,17,0.1927926991819308
random,student_46,18,0.1927928332686564
random,student_46,19,0.19279285231502574
random,student_46,20,0.19279285502047513
random,student_46,21,0.19279285540477187
random,student_46,22,0.1927928554593595
random,student_46,23,0.2219434346026372
random,student_46,24,0.24497186436511764
random,student_46,25,0.25996969260731856
random,student_46,26,0.2641642032902075
random,student_46,27,0.26509369928366333
random,student_46,28,0.26565260954215253
random,student_46,29,0.26578272339978387
random,student_46,30,0.2658614163910339
random,student_46,31,0.26587986036877725
random,student_46,32,0.2658910243995245
random,student_46,33,0.29304191587243095
random,student_46,34,0.2930435013911231
random,student_46,35,0.2930437266011751
random,student_46,36,0.2930437585911249
random,student_46,37,0.29304376313514957
random,student_46,38,0.29304376378060754
random,student_46,39,0.293043763872292
random,student_46,40,0.2930437638853153
random,student_47,1,0.08009971036717804
random,student_47,2,0.08131267079340955
random,student_47,3,0.08148171847608927
random,student_47,4,0.08150566665648228
random,student_47,5,0.08150906709332269
random,student_47,6,0.08150955008383405
random,student_47,7,0.08150961868991448
random,student_47,8,0.08150962843508575
random,student_47,9,0.1068180931415275
random,student_47,10,0.13483945235377773
random,student_47,11,0.14801677674294114
random,student_47,12,0.15972211126486788
random,student_47,13,0.1549869874063783
random,student_47,14,0.15425897840894964
random,student_47,15,0.15415435626094087
random,student_47,16,0.1541394704187824
random,student_47,17,0.15413735545251206
random,student_47,18,0.15413705502107486
random,student_47,19,0.15413701234595115
random,student_47,20,0.1541370062841397
random,student_47,21,0.15413700542308684
random,student_47,22,0.1541370053007782
random,student_47,23,0.15413700528340482
random,student_47,24,0.16756154284933464
random,student_47,25,0.1564076020650699
random,student_47,26,0.15446851459869007
random,student_47,27,0.15418428167451037
random,student_47,28,0.15414372446764957
random,student_47,29,0.15413795978704203
random,student_47,30,0.15413714086538421
random,student_47,31,0.15413702453977207
random,student_47,32,0.15413700801621708
random,student_47,33,0.15413700566912059
random,student_47,34,0.15413700533572616
random,student_47,35,0.15413700528836902
random,student_47,36,0.15413700528164218
random,student_47,37,0.15413700528068663
random,student_47,38,0.15413700528055088
random,student_47,39,0.15413700528053162
random,student_47,40,0.168229303817065
random,student_48,1,0.1020135724593937
random,student_48,2,0.11851594076449179
random,student_48,3,0.1313355044881817
random,student_48,4,0.10866956578655233
random,student_48,5,0.1202019922866902
random,student_48,6,0.14662310389400088
random,student_48,7,0.11569484878047814
random,student_48,8,0.1046350700014983
random,student_48,9,0.10271612425482984
random,student_48,10,0.10243493741597694
random,student_48,11,0.10239481680755881
random,student_48,12,0.12067875515370476
random,student_48,13,0.10571156115681717
random,student_48,14,0.10287973518155509
random,student_48,15,0.10245840655540654
random,student_48,16,0.10239815515113743
random,student_48,17,0.10238958851397988
random,student_48,18,0.11395463269545603
random,student_48,19,0.12684221823053704
random,student_48,20,0.10729285013160943
random,student_48,21,0.10312816321761183
random,student_48,22,0.10249421902874256
random,student_48,23,0.10240325286735984
random,student_48,24,0.10239031283803272
random,student_48,25,0.10238847438782957
random,student_48,26,0.10238821323670926
random,student_48,27,0.10238817614122579
random,student_48,28,0.10238817087197788
random,student_48,29,0.1023881701235051
random,student_48,30,0.10238817001718793
random,student_48,31,0.10238817000208607
random,student_48,32,0.10238816999994092
random,student_48,33,0.10238816999963622
random,student_48,34,0.10238816999959294
random,student_48,35,0.10238816999958678
random,student_48,36,0.1023881699995859
random,student_48,37,0.10238816999958578
random,student_48,38,0.12954140866333577
random,student_48,39,0.15362614644055725
random,student_48,40,0.1687308775443117
random,student_49,1,0.13601694079446733
random,student_49,2,0.13693900606557127
random,student_49,3,0.13706809469813153
random,student_49,4,0.15370728255720878
random,student_49,5,0.14003371126542272
random,student_49,6,0.13752287264739457
random,student_49,7,0.13715131209887665
random,student_49,8,0.13709822002418912
random,student_49,9,0.1370906721708146
random,student_49,10,0.13708959990400485
random,student_49,11,0.13708944759078448
random,student_49,12,0.13708942595533155
random,student_49,13,0.13708942288211276
random,student_49,14,0.13708942244557595
random,student_49,15,0.1370894223835679
random,student_49,16,0.13708942237475993
random,student_49,17,0.13708942237350877
random,student_49,18,0.15373674742871135
random,student_49,19,0.1400402257241775
random,student_49,20,0.13752386668704655
random,student_49,21,0.16313891907731662
random,student_49,22,0.14245841320555494
random,student_49,23,0.13790426331204622
random,student_49,24,0.1372063032026568
random,student_49,25,0.13710604794987755
random,student_49,26,0.13709178442945247
random,student_49,27,0.13708975790209765
random,student_49,28,0.1370894700338328
random,student_49,29,0.15413237855178955
random,student_49,30,0.17512651701012935
random,student_49,31,0.19591383158042394
random,student_49,32,0.20574676882864937
random,student_49,33,0.20589964738593283
random,student_49,34,0.20592131050763463
random,student_49,35,0.20592438659726633
random,student_49,36,0.20592482352046979
random,student_49,37,0.20592488558299415
random,student_49,38,0.20592489439868492
random,student_49,39,0.20592489565091354
random,student_49,40,0.20592489582878692
